-- phpMyAdmin SQL Dump
-- version 4.6.5.2
-- https://www.phpmyadmin.net/
--
-- 主機: 127.0.0.1
-- 產生時間： 
-- 伺服器版本: 10.1.21-MariaDB
-- PHP 版本： 7.1.1

SET SQL_MODE = "NO_AUTO_VALUE_ON_ZERO";
SET time_zone = "+00:00";


/*!40101 SET @OLD_CHARACTER_SET_CLIENT=@@CHARACTER_SET_CLIENT */;
/*!40101 SET @OLD_CHARACTER_SET_RESULTS=@@CHARACTER_SET_RESULTS */;
/*!40101 SET @OLD_COLLATION_CONNECTION=@@COLLATION_CONNECTION */;
/*!40101 SET NAMES utf8mb4 */;

--
-- 資料庫： `ctcvndn_check_in`
--

-- --------------------------------------------------------

--
-- 資料表結構 `wp_check_in_detail`
--

DROP TABLE IF EXISTS `wp_check_in_detail`;
CREATE TABLE `wp_check_in_detail` (
  `ID` int(11) NOT NULL,
  `member_id` varchar(15) NOT NULL,
  `event_id` varchar(15) NOT NULL,
  `date` varchar(15) NOT NULL,
  `time` varchar(15) NOT NULL
) ENGINE=InnoDB DEFAULT CHARSET=latin1;

--
-- 資料表的匯出資料 `wp_check_in_detail`
--

INSERT INTO `wp_check_in_detail` (`ID`, `member_id`, `event_id`, `date`, `time`) VALUES
(4, '40', '2', '03-08-2024', '14:56:28'),
(5, '36', '2', '03-08-2024', '15:08:52'),
(6, '25', '2', '03-08-2024', '15:09:22'),
(7, '138', '2', '03-08-2024', '15:09:50'),
(8, '356', '2', '03-08-2024', '15:09:56'),
(9, '127', '2', '03-08-2024', '15:20:30'),
(10, '154', '2', '03-08-2024', '15:22:32'),
(11, '178', '2', '03-08-2024', '15:22:34'),
(12, '133', '2', '03-08-2024', '15:23:51'),
(13, '337', '2', '03-08-2024', '15:34:22'),
(14, '5', '2', '03-08-2024', '15:45:17'),
(15, '255', '2', '03-08-2024', '15:53:18'),
(16, '234', '2', '03-08-2024', '15:54:31'),
(17, '82', '2', '03-08-2024', '15:54:34'),
(18, '132', '2', '03-08-2024', '16:01:33'),
(19, '254', '2', '03-08-2024', '16:13:32'),
(20, '131', '2', '03-08-2024', '16:17:38'),
(21, '247', '2', '03-08-2024', '16:22:25'),
(22, '146', '2', '03-08-2024', '16:23:40'),
(23, '174', '2', '03-08-2024', '16:30:51'),
(24, '148', '2', '03-08-2024', '16:32:39'),
(25, '291', '2', '03-08-2024', '16:33:27'),
(26, '210', '2', '03-08-2024', '16:33:40'),
(27, '359', '2', '03-08-2024', '16:36:38'),
(28, '15', '2', '03-08-2024', '16:36:51'),
(29, '299', '2', '03-08-2024', '16:39:11'),
(30, '312', '2', '03-08-2024', '16:39:18'),
(31, '64', '2', '03-08-2024', '16:40:45'),
(32, '258', '2', '03-08-2024', '16:43:12'),
(33, '33', '2', '03-08-2024', '16:43:17'),
(34, '161', '2', '03-08-2024', '16:47:27'),
(35, '366', '2', '03-08-2024', '16:47:50'),
(36, '274', '2', '03-08-2024', '16:50:14'),
(37, '49', '2', '03-08-2024', '16:50:59'),
(38, '45', '2', '03-08-2024', '16:51:03'),
(39, '181', '2', '03-08-2024', '16:51:07'),
(40, '195', '2', '03-08-2024', '16:55:16'),
(41, '239', '2', '03-08-2024', '16:56:27'),
(42, '171', '2', '03-08-2024', '16:56:53'),
(43, '102', '2', '03-08-2024', '16:57:22'),
(44, '116', '2', '03-08-2024', '16:58:04'),
(45, '302', '2', '03-08-2024', '16:58:28'),
(46, '93', '2', '03-08-2024', '16:59:03'),
(47, '230', '2', '03-08-2024', '16:59:26'),
(48, '46', '2', '03-08-2024', '16:59:30'),
(49, '328', '2', '03-08-2024', '16:59:36'),
(50, '80', '2', '03-08-2024', '16:59:51'),
(51, '236', '2', '03-08-2024', '17:00:31'),
(52, '179', '2', '03-08-2024', '17:01:00'),
(53, '238', '2', '03-08-2024', '17:01:35'),
(54, '305', '2', '03-08-2024', '17:05:50'),
(55, '220', '2', '03-08-2024', '17:06:39'),
(56, '326', '2', '03-08-2024', '17:10:36'),
(57, '169', '2', '03-08-2024', '17:13:39'),
(58, '128', '2', '03-08-2024', '17:15:36'),
(59, '130', '2', '03-08-2024', '17:16:02'),
(60, '196', '2', '03-08-2024', '17:17:17'),
(61, '327', '2', '03-08-2024', '17:17:54'),
(62, '233', '2', '03-08-2024', '17:18:35'),
(63, '218', '2', '03-08-2024', '17:21:49'),
(64, '217', '2', '03-08-2024', '17:21:54'),
(65, '140', '2', '03-08-2024', '17:21:57'),
(66, '246', '2', '03-08-2024', '17:24:00'),
(67, '14', '2', '03-08-2024', '17:25:22'),
(68, '120', '2', '03-08-2024', '17:25:55'),
(69, '301', '2', '03-08-2024', '17:27:06'),
(70, '101', '2', '03-08-2024', '17:32:39'),
(71, '11', '2', '03-08-2024', '17:33:24'),
(72, '89', '2', '03-08-2024', '17:33:44'),
(73, '58', '2', '03-08-2024', '17:34:57'),
(74, '121', '2', '03-08-2024', '17:35:07'),
(75, '323', '2', '03-08-2024', '17:35:29'),
(76, '290', '2', '03-08-2024', '17:35:59'),
(77, '183', '2', '03-08-2024', '17:36:10'),
(78, '297', '2', '03-08-2024', '17:38:29'),
(79, '264', '2', '03-08-2024', '17:38:42'),
(80, '1', '2', '03-08-2024', '17:39:07'),
(81, '21', '2', '03-08-2024', '17:39:13'),
(82, '142', '2', '03-08-2024', '17:39:35'),
(83, '103', '2', '03-08-2024', '17:40:40'),
(84, '334', '2', '03-08-2024', '17:40:52'),
(85, '113', '2', '03-08-2024', '17:42:46'),
(86, '345', '2', '03-08-2024', '17:43:58'),
(87, '57', '2', '03-08-2024', '17:44:27'),
(88, '17', '2', '03-08-2024', '17:45:11'),
(89, '186', '2', '03-08-2024', '17:45:27'),
(90, '92', '2', '03-08-2024', '17:45:44'),
(91, '23', '2', '03-08-2024', '17:46:13'),
(92, '332', '2', '03-08-2024', '17:46:50'),
(93, '85', '2', '03-08-2024', '17:47:06'),
(94, '135', '2', '03-08-2024', '17:47:33'),
(95, '91', '2', '03-08-2024', '17:48:01'),
(96, '271', '2', '03-08-2024', '17:48:56'),
(97, '235', '2', '03-08-2024', '17:49:05'),
(98, '253', '2', '03-08-2024', '17:49:24'),
(99, '24', '2', '03-08-2024', '17:49:34'),
(100, '250', '2', '03-08-2024', '17:49:45'),
(101, '296', '2', '03-08-2024', '17:50:21'),
(102, '71', '2', '03-08-2024', '17:51:00'),
(103, '87', '2', '03-08-2024', '17:52:25'),
(104, '257', '2', '03-08-2024', '17:52:57'),
(105, '7', '2', '03-08-2024', '17:53:22'),
(106, '209', '2', '03-08-2024', '17:53:35'),
(107, '47', '2', '03-08-2024', '17:53:37'),
(108, '117', '2', '03-08-2024', '17:53:42'),
(109, '213', '2', '03-08-2024', '17:54:04'),
(110, '43', '2', '03-08-2024', '17:54:31'),
(111, '68', '2', '03-08-2024', '17:54:43'),
(112, '19', '2', '03-08-2024', '17:54:50'),
(113, '225', '2', '03-08-2024', '17:54:59'),
(114, '347', '2', '03-08-2024', '17:55:10'),
(115, '228', '2', '03-08-2024', '17:55:17'),
(116, '134', '2', '03-08-2024', '17:55:25'),
(117, '6', '2', '03-08-2024', '17:55:32'),
(118, '90', '2', '03-08-2024', '17:55:57'),
(119, '119', '2', '03-08-2024', '17:56:06'),
(120, '115', '2', '03-08-2024', '17:56:21'),
(121, '18', '2', '03-08-2024', '17:57:00'),
(122, '177', '2', '03-08-2024', '17:57:38'),
(123, '3', '2', '03-08-2024', '17:57:54'),
(124, '309', '2', '03-08-2024', '17:58:07'),
(125, '180', '2', '03-08-2024', '17:58:51'),
(126, '86', '2', '03-08-2024', '18:01:46'),
(127, '194', '2', '03-08-2024', '18:01:58'),
(128, '56', '2', '03-08-2024', '18:02:29'),
(129, '31', '2', '03-08-2024', '18:04:22'),
(130, '107', '2', '03-08-2024', '18:04:55'),
(131, '329', '2', '03-08-2024', '18:05:13'),
(132, '223', '2', '03-08-2024', '18:05:26'),
(133, '355', '2', '03-08-2024', '18:05:46'),
(134, '141', '2', '03-08-2024', '18:06:17'),
(135, '370', '2', '03-08-2024', '18:08:43'),
(136, '153', '2', '03-08-2024', '18:09:04'),
(137, '311', '2', '03-08-2024', '18:10:06'),
(138, '125', '2', '03-08-2024', '18:12:36'),
(139, '188', '2', '03-08-2024', '18:14:03'),
(140, '99', '2', '03-08-2024', '18:14:17'),
(141, '81', '2', '03-08-2024', '18:14:34'),
(142, '172', '2', '03-08-2024', '18:14:51'),
(143, '182', '2', '03-08-2024', '18:15:22'),
(144, '351', '2', '03-08-2024', '18:16:19'),
(145, '51', '2', '03-08-2024', '18:16:41'),
(146, '205', '2', '03-08-2024', '18:18:03'),
(147, '249', '2', '03-08-2024', '18:18:31'),
(148, '67', '2', '03-08-2024', '18:21:16'),
(149, '369', '2', '03-08-2024', '18:29:26'),
(150, '300', '2', '03-08-2024', '18:30:33'),
(151, '54', '2', '03-08-2024', '18:31:34'),
(152, '260', '2', '03-08-2024', '18:33:04'),
(153, '10', '2', '03-08-2024', '18:33:55'),
(154, '111', '2', '03-08-2024', '18:36:42'),
(155, '308', '2', '03-08-2024', '18:38:23'),
(156, '156', '2', '03-08-2024', '18:40:01'),
(157, '60', '2', '03-08-2024', '18:48:45'),
(158, '204', '2', '03-12-2024', '10:13:31'),
(159, '330', '2', '03-12-2024', '10:13:51'),
(167, '33', '3', '06-07-2024', '16:38:23'),
(168, '258', '3', '06-07-2024', '16:38:25'),
(169, '40', '3', '06-07-2024', '16:39:56'),
(170, '55', '3', '06-07-2024', '16:40:43'),
(171, '226', '3', '06-07-2024', '16:41:51'),
(172, '195', '3', '06-07-2024', '16:41:54'),
(173, '296', '3', '06-07-2024', '16:41:56'),
(174, '88', '3', '06-07-2024', '16:41:58'),
(175, '327', '3', '06-07-2024', '16:43:58'),
(176, '152', '3', '06-07-2024', '16:46:33'),
(177, '45', '3', '06-07-2024', '16:48:11'),
(178, '49', '3', '06-07-2024', '16:48:19'),
(179, '29', '3', '06-07-2024', '16:48:40'),
(180, '189', '3', '06-07-2024', '16:52:44'),
(181, '133', '3', '06-07-2024', '16:54:16'),
(182, '128', '3', '06-07-2024', '16:55:05'),
(183, '148', '3', '06-07-2024', '16:56:58'),
(184, '143', '3', '06-07-2024', '16:57:25'),
(185, '34', '3', '06-07-2024', '16:57:47'),
(186, '82', '3', '06-07-2024', '16:58:20'),
(187, '102', '3', '06-07-2024', '16:58:55'),
(188, '207', '3', '06-07-2024', '16:59:59'),
(189, '85', '3', '06-07-2024', '17:00:07'),
(190, '127', '3', '06-07-2024', '17:00:48'),
(191, '179', '3', '06-07-2024', '17:00:52'),
(192, '93', '3', '06-07-2024', '17:02:50'),
(193, '328', '3', '06-07-2024', '17:03:58'),
(194, '283', '3', '06-07-2024', '17:07:16'),
(195, '131', '3', '06-07-2024', '17:07:53'),
(196, '204', '3', '06-07-2024', '17:08:19'),
(197, '210', '3', '06-07-2024', '17:08:42'),
(198, '235', '3', '06-07-2024', '17:09:57'),
(199, '271', '3', '06-07-2024', '17:10:39'),
(200, '16', '3', '06-07-2024', '17:13:45'),
(201, '290', '3', '06-07-2024', '17:16:07'),
(202, '305', '3', '06-07-2024', '17:16:45'),
(203, '104', '3', '06-07-2024', '17:17:40'),
(204, '18', '3', '06-07-2024', '17:18:46'),
(205, '81', '3', '06-07-2024', '17:18:55'),
(206, '14', '3', '06-07-2024', '17:19:32'),
(207, '301', '3', '06-07-2024', '17:19:37'),
(208, '188', '3', '06-07-2024', '17:19:53'),
(209, '376', '3', '06-07-2024', '17:21:41'),
(210, '160', '3', '06-07-2024', '17:21:53'),
(211, '332', '3', '06-07-2024', '17:22:16'),
(212, '71', '3', '06-07-2024', '17:22:36'),
(213, '234', '3', '06-07-2024', '17:22:50'),
(214, '24', '3', '06-07-2024', '17:23:10'),
(215, '134', '3', '06-07-2024', '17:23:11'),
(216, '209', '3', '06-07-2024', '17:23:13'),
(217, '227', '3', '06-07-2024', '17:23:52'),
(218, '213', '3', '06-07-2024', '17:24:09'),
(219, '169', '3', '06-07-2024', '17:24:18'),
(220, '62', '3', '06-07-2024', '17:24:40'),
(221, '168', '3', '06-07-2024', '17:25:51'),
(222, '119', '3', '06-07-2024', '17:26:59'),
(223, '90', '3', '06-07-2024', '17:27:02'),
(224, '36', '3', '06-07-2024', '17:28:44'),
(225, '77', '3', '06-07-2024', '17:29:08'),
(226, '335', '3', '06-07-2024', '17:29:50'),
(227, '232', '3', '06-07-2024', '17:29:54'),
(228, '233', '3', '06-07-2024', '17:30:20'),
(229, '1', '3', '06-07-2024', '17:30:21'),
(230, '113', '3', '06-07-2024', '17:31:41'),
(231, '344', '3', '06-07-2024', '17:32:52'),
(232, '250', '3', '06-07-2024', '17:34:26'),
(233, '52', '3', '06-07-2024', '17:35:26'),
(234, '360', '3', '06-07-2024', '17:37:28'),
(235, '89', '3', '06-07-2024', '17:37:31'),
(236, '183', '3', '06-07-2024', '17:39:18'),
(237, '259', '3', '06-07-2024', '17:40:04'),
(238, '96', '3', '06-07-2024', '17:40:49'),
(239, '218', '3', '06-07-2024', '17:41:57'),
(240, '154', '3', '06-07-2024', '17:42:34'),
(241, '292', '3', '06-07-2024', '17:42:41'),
(242, '6', '3', '06-07-2024', '17:43:09'),
(243, '31', '3', '06-07-2024', '17:43:30'),
(244, '86', '3', '06-07-2024', '17:43:49'),
(245, '254', '3', '06-07-2024', '17:45:30'),
(246, '107', '3', '06-07-2024', '17:46:19'),
(247, '170', '3', '06-07-2024', '17:47:57'),
(248, '17', '3', '06-07-2024', '17:48:02'),
(249, '373', '3', '06-07-2024', '17:48:10'),
(250, '91', '3', '06-07-2024', '17:49:19'),
(251, '101', '3', '06-07-2024', '17:49:35'),
(252, '117', '3', '06-07-2024', '17:50:28'),
(253, '115', '3', '06-07-2024', '17:50:36'),
(254, '130', '3', '06-07-2024', '17:53:15'),
(255, '302', '3', '06-07-2024', '17:53:25'),
(256, '135', '3', '06-07-2024', '17:53:35'),
(257, '172', '3', '06-07-2024', '17:54:02'),
(258, '53', '3', '06-07-2024', '17:55:24'),
(259, '173', '3', '06-07-2024', '17:57:07'),
(260, '345', '3', '06-07-2024', '17:58:24'),
(261, '223', '3', '06-07-2024', '17:59:05'),
(262, '225', '3', '06-07-2024', '17:59:09'),
(263, '220', '3', '06-07-2024', '17:59:14'),
(264, '54', '3', '06-07-2024', '17:59:56'),
(265, '184', '3', '06-07-2024', '18:00:00'),
(266, '156', '3', '06-07-2024', '18:00:06'),
(267, '19', '3', '06-07-2024', '18:00:08'),
(268, '257', '3', '06-07-2024', '18:00:46'),
(269, '103', '3', '06-07-2024', '18:01:19'),
(270, '15', '3', '06-07-2024', '18:03:40'),
(271, '178', '3', '06-07-2024', '18:05:11'),
(272, '64', '3', '06-07-2024', '18:05:49'),
(273, '37', '3', '06-07-2024', '18:06:00'),
(274, '347', '3', '06-07-2024', '18:12:52'),
(275, '120', '3', '06-07-2024', '18:13:21'),
(276, '177', '3', '06-07-2024', '18:14:09'),
(277, '157', '3', '06-07-2024', '18:14:15'),
(278, '78', '3', '06-07-2024', '18:15:26'),
(279, '21', '3', '06-07-2024', '18:15:45'),
(280, '56', '3', '06-07-2024', '18:17:02'),
(281, '140', '3', '06-07-2024', '18:17:19'),
(282, '25', '3', '06-07-2024', '18:19:08'),
(283, '194', '3', '06-07-2024', '18:19:09'),
(284, '300', '3', '06-07-2024', '18:19:56'),
(285, '260', '3', '06-07-2024', '18:26:26'),
(286, '10', '3', '06-07-2024', '18:26:31'),
(287, '87', '3', '06-07-2024', '18:27:58'),
(288, '125', '3', '06-07-2024', '18:28:56'),
(289, '351', '3', '06-07-2024', '18:29:10'),
(290, '354', '3', '06-07-2024', '18:41:52');

-- --------------------------------------------------------

--
-- 資料表結構 `wp_check_in_event`
--

DROP TABLE IF EXISTS `wp_check_in_event`;
CREATE TABLE `wp_check_in_event` (
  `ID` int(11) NOT NULL,
  `title` varchar(100) CHARACTER SET utf8 NOT NULL,
  `trash` varchar(1) NOT NULL DEFAULT '0',
  `status` varchar(1) NOT NULL DEFAULT '0',
  `create_date` varchar(15) NOT NULL,
  `update_date` varchar(15) NOT NULL
) ENGINE=InnoDB DEFAULT CHARSET=latin1;

--
-- 資料表的匯出資料 `wp_check_in_event`
--

INSERT INTO `wp_check_in_event` (`ID`, `title`, `trash`, `status`, `create_date`, `update_date`) VALUES
(1, '2024 年春酒暨摸彩聯歡晚宴', '1', '0', '2024-03-08', ''),
(2, '2024 年春酒暨摸彩聯歡晚宴', '0', '0', '2024-03-08', ''),
(3, '第四屆會長慈善盃高爾夫球賽暨端午節聯歡晚會', '0', '1', '2024-06-03', '2024-06-03');

-- --------------------------------------------------------

--
-- 資料表結構 `wp_check_in_member`
--

DROP TABLE IF EXISTS `wp_check_in_member`;
CREATE TABLE `wp_check_in_member` (
  `ID` int(11) NOT NULL,
  `member_code` varchar(50) NOT NULL,
  `qr_code` varchar(50) NOT NULL,
  `company_cn` varchar(200) NOT NULL,
  `company_vn` varchar(200) NOT NULL,
  `contact` varchar(50) NOT NULL,
  `position` varchar(50) NOT NULL,
  `address` varchar(250) NOT NULL,
  `phone` varchar(100) NOT NULL,
  `email` varchar(100) NOT NULL,
  `career` text NOT NULL,
  `trash` varchar(1) NOT NULL DEFAULT '0',
  `status` varchar(1) NOT NULL DEFAULT '0' COMMENT 'cot nay khong su dung',
  `create_date` varchar(11) NOT NULL,
  `update_date` varchar(11) NOT NULL
) ENGINE=InnoDB DEFAULT CHARSET=utf8 COMMENT='wp';

--
-- 資料表的匯出資料 `wp_check_in_member`
--

INSERT INTO `wp_check_in_member` (`ID`, `member_code`, `qr_code`, `company_cn`, `company_vn`, `contact`, `position`, `address`, `phone`, `email`, `career`, `trash`, `status`, `create_date`, `update_date`) VALUES
(1, 'DN001', 'DN001-022948719226', '同奈保長藤木(股)公司', 'DONA BOCHANG RATTAN WOOD MFG CO., LTD', '方芳軒', '會員', '同奈省邊和市邊和第一工業區第八號路', '0+G2:I361251.3836150/3836416 ', 'dnbc0503@gmail.com', '木傢俱', '0', '0', '2024-02-29', ''),
(2, 'DN002', 'DN002-022961492243', '喬森木業股份有限公司', 'JOHNSON WOOD ( VIETNAM)., JSC', '張中萍', '會員', '同奈省邊和市三福工業區第3號路', '0251.3511567', 'jerry@johnsonwood.com.vn', '傢俱', '0', '0', '2024-02-29', ''),
(3, 'DN008', 'DN008-022986704801', '鋐鎰(越南）實業責任有限公司', 'HUNG YIH (VN )INDUSTRY CO.,LTD', '陳永雄', '會員', '同奈省，邊和市邊和第二工業區，一路，七號', '02513 - 835677-78', '\nhungyihvn@gmail.com', '專業生產: \n各類電線: 汽車花線,電源線,插頭線,\n同軸線,  編織線…', '0', '0', '2024-02-29', ''),
(4, 'DN011', 'DN011-022956955235', '德式馬有限公司', 'CÔNG TY TNHH TEXMA VINA', '陳厚志', '會員', '同奈省邊和市邊和第二工業區2A號路32號', '0251.3992951', 'vina_joseph@texma.com.vn\n           ', '平織女裝製造商 ', '0', '0', '2024-02-29', ''),
(5, 'DN012', 'DN012-022956699344', '協楊木業股份有限公司', 'CÔNG TY TNHH ASY VIỆT NAM', '伍天陸', '會員', '同奈省邊和市邊和第二工業區2A號路22號 ', '0251.3991901   ', 'gm@asy1988.com', '木業\n', '0', '0', '2024-02-29', ''),
(6, 'DN015', 'DN015-022921960624', '越南嘉方刺繡股份有限公司', 'CÔNG TY TNHH LIBERTY LACE', '蔡榮源', '會員', '同奈省邊和市邊和第二工業區17號路6號', '0251.3836797~8       ', 'tw1@libertylace.vn', '專門設計生產加工各類高級綉花產品，出口和供應本地成衣廠的綉花配件，例如：蕾絲花邊、刺繡布疋、花朵、繡線等成衣副料，並提供代客刺繡加工，提高產品價值。', '0', '0', '2024-02-29', ''),
(7, 'DN018', 'DN018-022983105882', '大亞(越南)電線電纜股份公司', 'CÔNG TY CỔ PHẦN DÂY & CÁP ĐIỆN TAYA (VIỆT NAM)', '徐敬堯', '會員', '同奈省邊和市邊和第二工業區1A號路1號', '0251.3836361~4', ' genehsu@mail.taya.com.tw', '電線電纜、裸銅單絞線漆包線 ', '0', '0', '2024-02-29', ''),
(8, 'DN020', 'DN020-022998397112', '越南嶸驊有限公司', 'CÔNG TY TNHH YNG HUA (VN)', '郭龍木', '會員', '同奈省邊和市邊和二工業區3A號路11號', '0251.3993553', '', '化油器、門窗鋁擠型材、工業鋁擠型材、壓鑄件。', '0', '0', '2024-02-29', ''),
(9, 'DN025', 'DN025-022965251321', '台南紡織(越南)有限公司', 'CÔNG TY HH SỢI TAINAN ( VIỆT NAM )', '王敦正', '會員', '同奈省邊和市邊和二工業區17A號路9號', '0251.3836671     ', 'tainccl18@gmail.com', '各種針織、平織用紗', '0', '0', '2024-02-29', ''),
(10, 'DN026', 'DN026-022916004850', '復盛(越南)股份有限公司', 'FUSHENG (VN) INDUSTRIAL CO., LTD', '林國森', '會員', '同奈省邊和市邊和第二工業區3A號路6號', ' 0251.3834566/3931927', 'vincent.marklin@fusheng.com', '空氣壓縮機、冰水機、乾燥機、蒸餾機、鼓風機、壓力容機', '0', '0', '2024-02-29', ''),
(11, 'DN030', 'DN030-022974446695', '東光工業股份公司', 'CÔNG TY CPCN TUNG KUANG', '劉建宏', '會員', '同奈省邊和市邊和第二工業區2A號路3號', '0251.3836688', 'tungkuang@tungkuang.com.vn', '鋁門窗、工業鋁擠型', '0', '0', '2024-02-29', ''),
(12, 'DN051', 'DN051-022914719766', '越南寶成有限公司', 'CÔNG TY TNHH POUCHEN VIỆT NAM', '吳成育', '會員', '同奈省邊和市化安社1號國路 ', '0251.3955268', 'brigitte.wu@pouchen.com', '鞋業', '0', '0', '2024-02-29', ''),
(13, 'DN056', 'DN056-022919787978', '越南工業製造暨加工出口有限公司', 'CÔNG TY VMEP', '彭玉田', '會員', '同奈省邊和市仁澤縣協福鎮仁澤II工業區\n5C路第04區', '0251.3812080   ', 'pengyt@sym.com.tw', '機車、電動車', '0', '0', '2024-02-29', ''),
(14, 'DN060', 'DN060-022900040873', '聖鋒工業有限公司', 'CÔNG TY TNHH CN THÁNH PHONG', '曾炳文', '會員', '同奈省邊和市琖長坊第五區', '0251.3996088 ', ' shengfeng@hcm.vnn.vn', '進出口貿易、土地開發', '0', '0', '2024-02-29', ''),
(15, 'DN061', 'DN061-022946411908', '慶餘彩藝(股)公司', 'CÔNG TY TNHH BAO BÌ KỸ THUẬT CAO RICHES VIỆT NAM', '鄭文鴻', '會員', '同奈省邊和市龍平坊AMATA工業區2號路104/1號', '0251.3936811~6 ', 'riches.wrap@gmail.com', '複合材質之軟性包裝膜、膠袋…', '0', '0', '2024-02-29', ''),
(16, 'DN063', 'DN063-022904416672', '達建實業股份有限公司', 'DAJIAN CO., LTD', '康怡穎', '會員', '同奈省展鵬縣胡奈三工業區 2號', '0251.3984933 ', 'sullair@datkien.com', '美國壽力螺旋式空壓機、真空泵及板式熱交換板、氮氣機、乾燥機等買賣及維修', '0', '0', '2024-02-29', ''),
(17, 'DN065', 'DN065-022949004385', '桂盟鏈條(越南)有限公司', 'CÔNG TY TNHH XÍCH KMC (VIỆT NAM)', '張水生', '會員', '同奈省邊和市龍平坊AMATA工業區', '0251.3936531~3 ', 'kmcvnad@kmcchain-vn.com', '鏈條、齒盤', '0', '0', '2024-02-29', ''),
(18, 'DN066', 'DN066-022997233592', '高盟機械(越南)有限公司', 'CÔNG TY TNHH CƠ KHÍ KAO MENG (VIỆT NAM)', '趙德錟', '會員', '同奈省，邊和市，龍平坊，龍平(AMATA)\n工業區', '0251.3893867~8 ', ' zwvnk@kaomeng.com.vn', '', '0', '0', '2024-02-29', ''),
(19, 'DN068', 'DN068-022906739401', '快信塑膠股份有限公司', 'RELIABLE PLASTICS (VN) JOINT \nSTOCK COMPANY', '蔡榮原', '會員', '同奈省邊和市龍平坊AMATA工業區112號', '0251.3936178 ', 'rpc.vn1@gmail.com', 'CPP、MCPP、MPET、MOPP 等各類包裝薄膜及鍍鋁薄膜', '0', '0', '2024-02-29', ''),
(20, 'DN069', 'DN069-022998447100', '富林塑膠工業股份有限分公司', 'CN CÔNG TY CỔ PHẦN CÔNG NGHIỆP NHỰA PHÚ LÂM', '邱文輝', '會員', '同奈省邊和市龍平鎮AMATA工業區109號', '0251.3936688~9', 'u4846@fulinvn.com  ', '1.環保TPU/PU產品\n2.各種PVC人造皮、柔軟皮、軟質膠布、夾網等之製造', '0', '0', '2024-02-29', ''),
(21, 'DN072', 'DN072-022997177362', '技聯越南環保工程公司', 'CÔNG TY CÔNG TRÌNH XỬ LÝ MÔI TRƯỜNG CHI LINE (VIỆT NAM)', '何信義', '會員', '同奈省展鵬縣胡奈工業區 ', '0251.3981386~7 ', 'chiline.dn@chiline.vn', '建築工程、環保工程', '0', '0', '2024-02-29', ''),
(22, 'DN073', 'DN073-022959899872', '遠越工業有限公司', 'CÔNG TY TNHH VISION', '郭遠恭', '會員', '同奈省展鵬縣胡奈三工業區3號', '0251.3983104~5 ', 'sales@visiondiecasting.vn', '壓鑄各式鋁合金', '0', '0', '2024-02-29', ''),
(23, 'DN074', 'DN074-022935626931', '越南祐驛企業有限公司', 'YUOYI VIETNAM ENTERPRISE CO.,LTD', '業務部', '會員', '同奈省展鵬縣胡奈工業區第5段', '0251.3983316 ', 'sunnychen@yuoyi.com.vn', '汽、機車電子電機零配件、五金沖壓件、家用通訊器材（天線&衛星盤）', '0', '0', '2024-02-29', ''),
(24, 'DN078', 'DN078-022999625781', '越南開發工業有限公司', 'CÔNG TY HHCN KAI FA (VIỆT NAM)', '孫建成', '會員', '同奈省展鵬縣胡奈三工業區', '0251.3671081 ', 'jemmy.sun@kaifa.com.tw', '汽機車避震器', '0', '0', '2024-02-29', ''),
(25, 'DN081', 'DN081-022959587554', '越南精密工業股份公司 (VPIC)', 'CÔNG TY CỔ PHẦN CÔNG NGHIỆP CHÍNH XÁC (VIỆT NAM)', '李維淳', '會員', '同奈省展鵬縣胡奈三工業區第6 路VIII-1號', '0251.3981708 ', ' winnie@vpic-group.com', '汽機車、沖壓、壓鑄、鍛造、脫蠟鑄造、鋁鑄之零件、粉體塗裝、液體塗裝、ED 塗裝、ATV電動車整車生產組裝', '0', '0', '2024-02-29', ''),
(26, 'DN084', 'DN084-022972865407', '中譽精密壓鑄股份有限公司', 'C.Q.S. PRECISION DIE CASTING INC', '戴勝裕', '會員', '同奈省展鵬縣胡奈三社胡奈工業區9-1號', ' 0251.3981689', 'richtai@cqs-tech.com.tw', '壓鐵鑄造、重力鑄造、沖壓、機械加工、組裝,粉/液塗裝等製程.\nHigh Pressure Die Casting,Gravity Casting、Stamping、CNC Machining、Assembly、 Powder/Liquid Painting and etc...', '0', '0', '2024-02-29', ''),
(27, 'DN085', 'DN085-022987922260', '健生關係企業 - 健秀', 'K.SOURCE (VN) CO., LTD', '徐秋火', '會員', '同奈省展鵬縣胡奈三工業區18 號', '0251.3983291', 'joehsu@kensean.com.tw', 'HORN喇叭、照後鏡車鏡、汽機車零件', '0', '0', '2024-02-29', ''),
(28, 'DN086', 'DN086-022927505099', '建大橡膠(越南)有限公司', 'KENDA  RUBBER (VIET NAM) CO., LTD', '黃豊洲', '會員', '同奈省展鵬縣胡奈三社清化村莊胡奈工業區', '0251.3983171~3 ', 'kvb1000@kenda.com.tw', '輪胎製造', '0', '0', '2024-02-29', ''),
(29, 'DN089', 'DN089-022960426541', '仁美商標織造股份有限公司', 'CÔNG TY TNHH DỆT NHÃN JUNMAY', '郭順德', '會員', '同奈省展鵬縣北山社松梅工業區9號路 ', '0251.3869166~7 ', ' steven@junmay.com', '絲織商標、緞面商標、印刷商標，花邊帶、一片式鞋面紡織類', '0', '0', '2024-02-29', ''),
(30, 'DN090', 'DN090-022975624286', '鈺生家具責任有限公司(越南)', 'CÔNG TY TNHH ĐỒ GIA DỤNG NGỌC SINH (VN)', '歐輝龍', '會員', '同奈省展鵬縣北山社松梅工業區 ', '0251.3967688 ', 'james@homedesignvn.com', '夾板、地板、傢具、沙發', '0', '0', '2024-02-29', ''),
(31, 'DN091', 'DN091-022924400703', '亞洲(越南)營養技術有限公司', 'CÔNG TY TNHH DINH DƯỠNG\nÁ CHÂU (VN)', '許永祥', '會員', '同奈省展鵬縣北山社松梅工業區治安路', '0251.386911', 'hyhsiang@gmail.com', '豬、雞、鴨飼料', '0', '0', '2024-02-29', ''),
(32, 'DN092', 'DN092-022930107450', '越南東周塗料有限公司', 'CÔNG TY TNHH TONG JOU (VN)', '王炳和', '會員', '同奈省展鵬縣松梅工業區', '0251.3968039', 'thaotrantongjou@yahoo.com', '木器塗料、CD 油墨', '0', '0', '2024-02-29', ''),
(33, 'DN093', 'DN093-022975899368', '保長同奈旅遊責任有限公司 (同奈高爾夫球場)', 'CÔNG TY TNHH BOCHANG DONATOURS\n(SÂN GOLF ĐỒNG NAI)', '王瑞棟', '會員', '同奈省 展鵬縣 展鵬市鎮', '0251.3866111', 'info@dongnaigolf.com.vn', '高爾夫球場、練習場、餐廳、套房住宿', '0', '0', '2024-02-29', ''),
(34, 'DN094', 'DN094-022945778393', 'EAGLE CORPORATION', 'CÔNG TY TNHH CN EAGLE', '洪坤顯', '會員', '同奈省展鵬縣胡奈三工業區7號路9-4號', '0251.3983300', 'esa@eagleshox.com', '機車、電動車、ATV、雪車、高爾夫球車及特殊車輛、載具...等專業避震器設計與製造。另有彈簧、塑膠射出、靜電塗裝、CNC加工、鋁重力鑄造...等營業項目。', '0', '0', '2024-02-29', ''),
(35, 'DN095', 'DN095-022961557343', '泰福製罐廠有限公司', 'CÔNG TY TNHH INFINITY', '謝忠源', '會員', '同奈省展鵬縣胡奈三社胡奈工業區20號', ' 0251.3984316~7', 'infinity_mpc@yahoo.com.tw', '生產各類化工桶、油漆桶、食品罐、壓力罐', '0', '0', '2024-02-29', ''),
(36, 'DN096', 'DN096-022910741014', '宏昌紙業有限公司', 'CÔNG TY TNHH BAO BÌ GIẤY HONG CHANG', '林秋麗', '會員', '同奈省展鵬縣胡奈三社', '0251.3983887~9 ', 'hc@hongtai.com.tw', '生產加工彩色印刷、各種盒子、包裝紙', '0', '0', '2024-02-29', ''),
(37, 'DN098', 'DN098-022940451418', '永新理水化工機械工業有限公司', 'CTY TNHH XỬ LÝ NƯỚC HÓA CHẤT CƠ KHÍ CN YUONG HSIN', '林益本', '會員', '同奈省展鵬縣北山社松梅工業區', '0251.3968094~6 ', 'yuonghsinvn@yahoo.com', '水處理設備、廢水處理設備、蒸管路、鍋爐保養劑、冷卻水保養劑、鍋爐製造維修', '0', '0', '2024-02-29', ''),
(38, 'DN099', 'DN099-022973498050', '越南信通有限公司', 'SENTEC VIETNAM CO., LTD', '全力生', '會員', '同奈省展鵬縣胡奈工業區', '0251.3984681~2 ', 'tsengcw@gmail.com', '機車零件製造', '0', '0', '2024-02-29', ''),
(39, 'DN100', 'DN100-022974004264', '陽慶有限公司（3S DOOR)', 'YANG CHING CO., LTD AND 3S DOOR', '劉陽旻', '會員', '同奈省展鵬縣胡奈三工業區', '0251.3984051~3', 'yangchingvn@gmail.com', '各種彈簧和PIPESEAT、專業加工各種\n捲門類別如下：快速,安全、自動捲門', '0', '0', '2024-02-29', ''),
(40, 'DN102', 'DN102-022936162049', '味丹(越南)股份有限公司', 'CÔNG TY CỔ PHẦN HỮU HẠN VEDAN (VIỆT NAM)', '黃發建', '會員', '同奈省隆城縣福泰社第1A邑51號國道', '028.54316778', 'hwang@vedaninternational.com ', '澱粉、變性澱粉、味精、風味調味料、酸鹼、蘇打、賴氨酸、PGA、CMS、肥料、飼料產品、汽電共生發電廠、味丹福泰專用碼頭', '0', '0', '2024-02-29', ''),
(41, 'DN103', 'DN103-022999124631', '大同奈陶瓷工業股份公司', 'TAICERA  ENTERPRISE  COMPANY', '張仕添', '會員', '同奈省隆城縣福泰社娥油工業區', ' 0251.3841594', 'nelsonchang17@gmail.com', '瓷磚、建築材料', '0', '0', '2024-02-29', ''),
(42, 'DN104', 'DN104-022973605819', '全國磁器股份公司', 'CÔNG TY CP GỐM SỨ TOÀN QUỐC', '吳清源', '會員', '同奈省隆城縣福泰社娥油工業區', '0251.3542125~7', 'info@ckporcelain.com', '餐廳用及家用磁器餐具生產銷售、磁器專用轉印紙生產銷售', '0', '0', '2024-02-29', ''),
(43, 'DN111', 'DN111-022982250911', '日陞企業(股)公司', 'CÔNG TY TNHH  SPLENDOUR', '童玄傅', '會員', '越同奈省仁澤縣仁澤第一工業區3路', '0251.3560968 ', 'kevintung@splendourshoes.cn', '鞋類', '0', '0', '2024-02-29', ''),
(44, 'DN112', 'DN112-022939446786', '華隆越南公司', 'HUA LON CORPORATION VIỆT NAM', '呂學智', '會員', '同奈省仁澤縣仁澤工業區', ' 0251.3560338 ', 'thanhnha0290@yahoo.com', '紡織', '0', '0', '2024-02-29', ''),
(45, 'DN113', 'DN113-022992387212', '越南凱撒衛浴設備(股)公司', 'CÔNG TY CỔ PHẦN THIẾT BỊ VỆ SINH CAESAR (VIỆT NAM)', '陳威志', '會員', '同奈省仁澤縣仁澤1工業區', ' 0251.3569090', 'vncaesar@caesar.com.vn', '生產高級衛浴瓷器，生產高級浴缸，生產高級給水銅器，進出口與販售相關衛浴設備。', '0', '0', '2024-02-29', ''),
(46, 'DN116', 'DN116-022921283228', '慶發漁具工業股份公司', 'CÔNG TY CP SẢN XUẤT NGƯ CỤ CHING FA', '蘇憲田', '會員', '同奈省仁澤縣仁澤工業二區', '0251.3560291', 'suhsientien@chingfa.com.tw    ', '各式網,線,繩索', '0', '0', '2024-02-29', ''),
(47, 'DN118', 'DN118-022919401070', '台達責任有限公司', 'CÔNG TY TNHH ĐÀI ĐẠT', '陳清雲', '會員', '越南同奈省仁澤1工業區3號路', '0251.3560898', 'daidat042019@gmail.com', '紡織用寶塔管、平行管、布管、各類紙管', '0', '0', '2024-02-29', ''),
(48, 'DN123', 'DN123-022945093713', '偉港越南公司', 'HIGH POINT VIETNAM CO., LTD', '施世雄', '會員', '同奈省仁澤縣仁澤一工業區 ', '0251.3560864~6   ', 'arthur@wayport.com.tw  ', '生產行李箱及背包, 廠房出租', '0', '0', '2024-02-29', ''),
(49, 'DN124', 'DN124-022903087649', '政隆塑膠工業有限公司', 'CHUNG LONG PLASTIC INDUSTRIAL CO., LTD', '林信宗', '會員', '同奈省仁澤縣仁澤一工業區', '0251.3569158~9 ', 'chunglongco@gmail.com', '塑膠衛浴配件\n塑膠射出成型代工', '0', '0', '2024-02-29', ''),
(50, 'DN125', 'DN125-022912662512', '越強工業股份有限公司', 'CÔNG TY TNHH CÔNG NGHIỆP ELMA (VN)', '李旺崇', '會員', '同奈省仁澤縣仁澤一工業區', '0251.3560088 ', 'brucelee@elmavn.com', '齒輪,齒軸,金屬棒材及鍛胚加工,高週波熱處理, 滲碳熱處理', '0', '0', '2024-02-29', ''),
(51, 'DN135', 'DN135-022914800217', '三井住友海上集團越南子公司-明台產物保險', 'MSIG  INSURANCE (VN) CO., LTD -HCMC BRANCH', '江明憲', '會員', '胡志明市守德市守添坊陳白當街15號The Hallmark大廈15樓', ' 028.38219030', 'delphi_chiang@vn.msig-asia.com', '產物保險服務', '0', '0', '2024-02-29', ''),
(52, 'DN138', 'DN138-022950579028', '永豐銀行 - 胡志明市分行', 'NGÂN HÀNG SINOPAC - CHI NHÁNH TP.HCM', '林家筠', '會員', '胡志明市第一郡黎筍街31號09樓\nFriendshipTower', '028.38220566', 'angus.lin@sinopac.com', '銀行業', '0', '0', '2024-02-29', ''),
(53, 'DN159', 'DN159-022910789495', '皇茶旅行社', 'CN CTY TNHH DL-TM HOÀNG TRÀ', '吳慶桓', '會員', '75 Suong Nguyet Anh Street, Ben Thanh Ward,\n District 1, Hochiminh City', '028.54041717         ', 'weiwww3122@gmail.com', '機票、簽証、訂房、個人旅遊、團體旅遊', '0', '0', '2024-02-29', ''),
(54, 'DN164', 'DN164-022903113453', '越一工業股份有限公司', 'CÔNG TY CỔ PHẦN CÔNG NGHIỆP VIỆT NHẤT', '紀淑惠', '會員', '胡志明市新福郡番英路140號\n平陽省新淵市慶平坊慶云區 第六組747B路469號', '028.39618398/0274.3653217', 'oil.vietnhat@vietnhat.net', '1.TP工業潤滑油，防鏽油，金屬加工用油\n2.電鍍設備，化學原料，掛具\n3.廢水、廢氣處理\n4.電鍍代操作，廢水代操作\n5.廠房建築\n6.工業區土地代理', '0', '0', '2024-02-29', ''),
(55, 'DN171', 'DN171-022990039180', '世越銀行-同奈分行', 'NGÂN HÀNG TNHH INDOVINA - CN ĐỒNG NAI', '郭逸鴻', '會員', '同奈省邊和市邊和二工業區第3A路第1號龍平', '0251.3832955', 'hungky@indovinabank.com.vn', '銀行業', '0', '0', '2024-02-29', ''),
(56, 'DN173', 'DN173-022969821248', '第一商業銀行 - 胡志明市分', 'FIRST COMMERCIAL BANK - HCM CITY BRANCH', '簡文政', '會員', '胡志明市第一郡黎萊街76A號A&B大樓第21層', '028.38238111', 'i920a@firstbank.com.tw', '銀行業', '0', '0', '2024-02-29', ''),
(57, 'DN181', 'DN181-022961094739', '高幟越南股份有限公司', 'GOLDEN FLAG VIETNAM CO., LTD', '魏國泰', '會員', '同奈省展鵬縣胡奈三工業區18號', '0251.3982070 ', 'flagvn@goldengroups.com', '設計、製造、安裝、通風、排氣、集塵工程、ERP規劃租售', '0', '0', '2024-02-29', ''),
(58, 'DN184', 'DN184-022953602051', '金連興橡膠(越南)工業有限公司', 'CHIN LAN SHING RUBBER VN.IND.CO.,LTD', '胡思群', '會員', '同奈省展鵬縣胡奈三社胡奈工業區九號路', '0251.3984575/77', 'clsrubbervn1@gmail.com', '汽、機車零件(橡膠類)、工業用品: HOSE、 PACKING、SEAL、HOSE BRAKE、ORING', '0', '0', '2024-02-29', ''),
(59, 'DN191', 'DN191-022939701311', '廣泰金屬(越南)有限公司', 'CÔNG TY TNHH KUANG TAI (VN)', '黃振昆', '會員', '同奈省仁澤縣仁澤三工業區', '0251.3560097', '  jacky789000@gmail.com', '焊材業', '0', '0', '2024-02-29', ''),
(60, 'DN193', 'DN193-022923868640', '華南商業銀行胡志明市分行', 'HUANAN COMMERCIAL BANK LTD', '林達峯', '會員', '胡志明市第一郡阮文琚街235號ROYAL TOWER10樓', ' 028.38371888 ', 'vn9100m@hncb.com', '銀行業', '0', '0', '2024-02-29', ''),
(61, 'DN194', 'DN194-022961106688', '亞洲電機(越南)責任有限公司', 'ASIA ELECTRIC VIỆT NAM CO., LTD', '許修豪', '會員', '同奈省展鵬縣胡奈工業區9號路', '0251.3671901~2', 'aevn.sakura@gmail.com', '汽機車零件：HORN喇叭、IGNITION COILS高壓點、火線圈、PLUG CAP火星塞蓋、BUZZER蜂鳴器', '0', '0', '2024-02-29', ''),
(62, 'DN197', 'DN197-022953454657', '永泰紙品(越南)有限公司', 'CÔNG TY TNHH PALM PAPER', '楊金水', '會員', '同奈省仁澤縣協福社仁澤三工業區第八號路C15號', '0251.3560211~2', 'palmpapervn@gmail.com', '各類紙管及紙類包裝\n紙桶，角紙', '0', '0', '2024-02-29', ''),
(63, 'DN198', 'DN198-022969383304', '大森實業公司', 'CÔNG TY TNHH TIMBER INDUSTRIES', '林怡宏', '會員', '同奈省邊和市三福工業區第6號路', '0251.3512830/32', 'denna516@timber-ind.com', '傢俱製造', '0', '0', '2024-02-29', ''),
(64, 'DN201', 'DN201-022962118329', 'CREST TOP 工業有限公司', 'CREST TOP VIETNAM CO., LTD', '謝昭銘', '會員', '同奈省展鵬縣胡奈三社胡奈工業區9/10座', '0251.3671058    ', 'peter@cresttop.com.vn', '各類汽機車塑膠件射出成型，吹製各類塑膠瓶，0.5，0.8，1.0，4.0，18,20,25，30,100公升塑膠桶，汽機車塑膠油箱，塑膠水箱，塑膠農藥桶，塑膠通氣管及中空成型塑膠件，機油，齒輪油分裝。\n啟動馬達產品，運動場用塑膠椅代工生產', '0', '0', '2024-02-29', ''),
(65, 'DN202', 'DN202-022928360764', '旭陽家具越南有限公司', 'CÔNG TY TNHH HOME VOYAGE \nVIỆT NAM', '孫維利', '會員', '同奈省邊和市三福工業區23號', '0251.3512651/3', 'sunny@sunnylufurn.com', '家具製造', '0', '0', '2024-02-29', ''),
(66, 'DN203', 'DN203-022947665501', '合輝木業(越南)股份有限公司', '合輝木業(越南)股份有限公司', '林柏夫', '會員', '同奈省邊和市三福社', '0251.3512418', 'herhuivn@gmail.com', '化妝板生產製造、木材薄片加工製造、合板、MDF、原木、薄片買賣', '0', '0', '2024-02-29', ''),
(67, 'DN204', 'DN204-022952933852', '佳日建築機電股份公司', 'BEST SUN TECHNOLOGY CO., LTD', '簡瑋廷', '會員', '同奈省龍城縣三安社龍城工業區', '0251.3514080', 'bestsun.hcm@gmail.com', '營造工程設計統包施工，景觀工程設計，水，電，消防，弱電，空壓，空調，照明工程施工及設計。高低壓配電盤設計製造，線槽線架設計製造，機電維修保養，空壓機，LED燈具，配電器材及BUSWAY銷售', '0', '0', '2024-02-29', ''),
(68, 'DN205 ', 'DN205 -022939955808', '高明汽車水箱工業有限公司', 'CÔNG TY HHCN KAO MINH', '陳建同', '會員', '同奈省展鵬縣胡奈三工業區', '0251.6278666~9 ', 'kaominh@gmail.com', '汽車水箱散熱器:工業用機油散熱器、發電機專用水箱、怪手重機械專業水箱、船舶冷卻器', '0', '0', '2024-02-29', ''),
(69, 'DN206', 'DN206-022972179783', '八德彈簧工業有限公司', 'CÔNG TY HHCN LÒ XO BÁT ĐỨC', '易金明', '會員', '同奈省展鵬縣胡奈三工業區第I-21F區', '0251.3984669', 'batduc.spring@gmail.com', '各種彈簧機車\n專用彈簧等', '0', '0', '2024-02-29', ''),
(70, 'DN210', 'DN210-022945875034', '泰銓工業有限公司', 'TAI TECH FORGE  INDUSTRIAL CO., LTD', '劉軒鳴', '會員', '同奈省仁澤縣仁澤一工業區2號路', '0251.3560188~9', 'taitech2003@hotmail.com', '熱鍛業,主要生產汽,\n機車零件及各式五\n金零件等', '0', '0', '2024-02-29', ''),
(71, 'DN212', 'DN212-022965777533', '佑冠電業責任有限公司', 'YOW GUAN ELECTRIC CO., LTD', '陳裕郎', '會員', '同奈省展鵬縣胡奈三工業區3號路', ' 0251.3671234', 'yowguanvn@gmail.com', '汽機自行車用配線、家用電器用線配線、電子產品用配線', '0', '0', '2024-02-29', ''),
(72, 'DN213', 'DN213-022989500259', '越崑紗線責任有限公司', 'YUE KUN CO., LTD', '蕭生光', '會員', '同奈省仁澤縣仁澤二工業區', '0251.3560892-3-4 ', 'ch.wu@vietcon.net', '紡織纖維紗線、染色加工買賣', '0', '0', '2024-02-29', ''),
(73, 'DN214', 'DN214-022963232928', '晉緯螺絲五金（越南）責任有限公司', 'CHIN WELL FASTENERS (VN) CO., LTD', '', '會員', '同奈省仁澤縣仁澤三工業區', '0251.3560 518 ', 'chinwell.vn@gmail.com', '大小螺絲,連結器等相關緊固零件', '0', '0', '2024-02-29', ''),
(74, 'DN215', 'DN215-022956953194', '展宇科技材料(越南)責任有限公司', 'HEADWAY ADVANCED MATERIALS (VIETNAM) CO., LTD', '蕭旭榮', '會員', '同奈省仁澤縣協福鎮仁澤五工業區', '0251.3560236(116)', 'race@headway-vietnam.com', 'PU硬化劑、PU接著劑、PU油墨樹酯、PU發泡材等相關PU產品', '0', '0', '2024-02-29', ''),
(75, 'DN216', 'DN216-022952594565', '越南松和工業責任有限公司', 'SONG HO VIET NAM INDUSTRIAL CO., LTD', '李佳穎', '會員', '越南同奈省仁澤縣富會社仁澤二工業區宗德勝路', '0251.3560376~9 ', ' songhovn@gmail.com', '鋼線、鋼纜、棒鋼、內控線', '0', '0', '2024-02-29', ''),
(76, 'DN217', 'DN217-022952915985', '鉅成責任有限公司', 'V.I.P SPORTS CO., LTD', '盧友華', '會員', '同奈省龍城縣安福社108號', '0251.3524488 ', 'robert-lu@vipsports.com.tw', '碳纖維自行車配件   碳纖維運動產品', '0', '0', '2024-02-29', ''),
(77, 'DN219', 'DN219-022994568042', '岩易工業責任有限公司(越南)', 'ROCK TEAM INDUSTRY CO., LTD', '', '會員', '同奈省龍城縣福泰社鵝油工業區', '0251.3541099', 'amandajao@rockteamvn.com', '陶瓷器、磁磚用色、釉料', '0', '0', '2024-02-29', ''),
(78, 'DN221', 'DN221-022905002793', '輪磯股份有限公司', 'LUNJI VINA CO., LTD', '陳榮賢', '會員', '同奈省展鵬縣胡奈三工業區第IX-5', '0251.3671925~6', 'lunji.vn@gmail.com', '1.鐵氟龍塗裝加工\n2.電木塑膠射出成型\n3.沖壓油壓深絞成型加工\n4.各式廚房鋼具加工販售', '0', '0', '2024-02-29', ''),
(79, 'DN227', 'DN227-022970852748', '立富木器(越南)有限公司', 'LEEFU WOOD PRODUCTS (VIETNAM) CO., LTD', '黃慶富', '會員', '同奈省邊和市三福工業區6號路', '0251.3512800~9 ', 'chang850122@yahoo.com.tw', '傢俱、木製品製造銷售', '0', '0', '2024-02-29', ''),
(80, 'DN228', 'DN228-022999532302', '建達工業股份有限公司', 'CÔNG TY TNHH CÔNG NGHIỆP KIẾN ĐẠT', '林淑莉', '會員', '同奈省邊和市龍平工業區7號路第C-6座', '0251.3993888    ', 'lily@chientabolt.com', '汽機車螺絲、螺帽、熱處理及電鍍', '0', '0', '2024-02-29', ''),
(81, 'DN230', 'DN230-022958580784', '錸德科技股份有限公司', 'RITEK VIET NAM CO., LTD', '羅仁駿', '會員', '同奈省邊和市龍平坊AMATA工業區213號', '0251.3936111 ', 'jen.chun@vn.ritek.com', '光電製造業', '0', '0', '2024-02-29', ''),
(82, 'DN233', 'DN233-022915032202', '欣鋒工業責任有限公司', 'CÔNG TY TNHH SHIN FUNG INDUSTRIAL', '徐阿明', '會員', '同奈省展鵬縣北山社松梅工業區第五號路 ', '0251.3673316 ', 'sfcastco@hotmail.com', '球墨鑄鐵管零件、100F-1000F、灰口鑄鐵機械零件、FCD: 45~70、FC: 20~35', '0', '0', '2024-02-29', ''),
(83, 'DN235', 'DN235-022941087440', '鉅豐責任有限公司', 'CHIG-FENG CO., LTD', '林柏緯', '會員', '同奈省仁澤縣仁澤二工業區', '0251.3560631   ', 'gm001@chigfeng.com', '起重設備出租；機電工程施工;PET、PP打包帶生產;PET寶特瓶回收', '0', '0', '2024-02-29', ''),
(84, 'DN236', 'DN236-022961830945', '華大企業有限公司', 'CÔNG TY TNHH HWATA VINA', '李建仁', '會員', '胡志明市新福郡新平工業區1號路', '028.38162587/590 ', 'a0903759340@gmail.com', '專業各項不鏽鋼\n產品：水塔、水槽、桌、椅、流理台、訂做品、系統廚櫃', '0', '0', '2024-02-29', ''),
(85, 'DN237', 'DN237-022932754493', '冠越金屬工業有限公司', 'CÔNG TY HHCN FIRST METAL \nVIỆT NAM', '郭世駿', '會員', '同奈省展鵬縣胡奈三工業區第七號路', '0251.3983502/747', 'firstmetal_vn@vnn.vn', '汽機車、電子、馬達金屬零件沖壓加工及金属鋼片定轉子沖壓、模具設計製造、磁性安全工具和廚房金屬用品生產銷售', '0', '0', '2024-02-29', ''),
(86, 'DN239', 'DN239-022999224207', 'SWAN工業(越南)責任有限公司', 'CÔNG TY TNHH (CN) SWAN VIỆT NAM', '陳宗元', '會員', '同奈省仁澤縣仁澤一工業區三號路', '0251.3560045/48 ', 'swanvn.tongvu@gmail.com ', '生產儲氣桶、加工及安裝空壓機和供應壓縮機的系統、供應各服務維修及保養上所述各產品', '0', '0', '2024-02-29', ''),
(87, 'DN240', 'DN240-022936140312', '國紡越南責任有限公司', 'LOVETEX INDUSTRIAL VIET NAM CO., LTD', '郭林璋', '會員', '同奈省邊和市龍平鎮AMATA工業區4號路', '0251- 3936 440 ', 'john.kuo@lovetex.com.tw', '粘扣帶生產', '0', '0', '2024-02-29', ''),
(88, 'DN245', 'DN245-022951941266', '永記造漆工業(越南)有限公司', 'YUNG CHI PAINT & VARNISH MFG (VN) CO., LTD', '黃世昌', '會員', '同奈省邊和市AMATA工業區219號', '0251.3936740-4 ', 'schuang0805@gmail.com', '油漆製造買賣,油漆施工,顏料買賣及生產,內外銷均可', '0', '0', '2024-02-29', ''),
(89, 'DN246', 'DN246-022978941492', 'VEGA FASHION CO., LTD', 'VEGA FASHION CO., LTD', '呂學龍', '會員', '同奈省邊和市龍平工業區15A-Lo B2-2', '0251.3892970~2 ', 'alumi@hychi.com.tw', '婚紗,伴娘裝,晚禮服,花章裝', '0', '0', '2024-02-29', ''),
(90, 'DN250', 'DN250-022929867616', '越南永捷高分子責任有限公', 'U-BEST VIETNAM POLYMER INDUSTRY LIMITED', '許富成', '會員', '同奈省仁澤縣仁澤五工業區', ' 0251.3560441~2 ', 'fu@twemc.com.tw', '合成入造革PU樹脂、貼合接著劑、油墨用樹脂水性PU樹脂、TPU（聚氨酯膠粒）', '0', '0', '2024-02-29', ''),
(91, 'DN251', 'DN251-022935637570', '越南士林電機電力設備責任有限公司', 'CÔNG TY TNHH THIẾT BỊ ĐIỆN \nSHIH LIN VIỆT NAM', '盧萬盛', '會員', '同奈省展鵬縣胡奈三社胡奈工業區第10號路', '0251.3987750~2 ', 'nova@seec.com.tw', '配電用變壓器', '0', '0', '2024-02-29', ''),
(92, 'DN256', 'DN256-022991850145', 'BMB有限公司', 'BMB CO., LTD', '黃炫彰', '會員', '同奈省邊和市隆平新坊福賴區A03大樓', '0251.6251851', 'liling@bmbmb.com', '銷售半拖車，各類專用車零配件', '0', '0', '2024-02-29', ''),
(93, 'DN260', 'DN260-022971513463', '越南三申工業股份有限公司', 'THREE BROTHERS INDUSTRIAL CO., LTD', '林鴻鈞', '會員', '同奈省邊和市龍平工業區第8號路C-7-2號', ' 0251.6291818 ', 'tomlin@ sym.com.tw', '汽、機車、家電等金屬零件(沖壓、焊接、彎管等加工)', '0', '0', '2024-02-29', ''),
(94, 'DN261', 'DN261-022988507249', '上海商業儲蓄銀行', 'THE SHANGHAI COMMERCIAL & SAVINGS BANK, DONGNAI BRANCH', '林哲安', '會員', '同奈省邊和市安平坊边和一工業區第一號路第一號Sonadezi大樓第11層', '0251.8875111', 'terrylin@scsb.com.tw', '銀行', '0', '0', '2024-02-29', ''),
(95, 'DN266', 'DN266-022938285670', '越隆紙業責任有限公司', 'CÔNG TY TNHH BAO BÌ VIỆT LONG\nVINA TAWANA CONTAINER CO., LTD', '吳文森', '會員', '同奈省仁澤縣仁澤三工業區', '0251.3560445~9 ', '1200500@mail.clc.com.tw', '紙業、生產紙箱、紙板', '0', '0', '2024-02-29', ''),
(96, 'DN271', 'DN271-022959634747', '喬竑責任有限公司', 'CÔNG TY TNHH CHIAU HUNG VIỆT NAM', '蘇良進', '會員', '同奈省展鵬縣胡奈三工業區第2棟9號路13', '0251.3671826/828', 'ch@chiauhung.com.vn', '汽機車引擎開關鎖、油箱鎖、附屬鎖類及零件製造', '0', '0', '2024-02-29', ''),
(97, 'DN273', 'DN273-022969700622', '台鈺沙發責任有限公司', 'CÔNG TY TNHH SOFA TAI YU', '姜仁鳳', '會員', '同奈省展鵬縣北山社松梅工業區第四號路 ', ' 0251.3682646', 'arthur@milanosofa.com', '公司經營範圍包含生產、製造建築業用隔熱板；生產、製造各類包材；包材之用的尼龍袋和包裝配件；生產、製造木製家具（正額進口原料）和皮料、 sibili（已經過加工和進口）、鋼、鐵家具如桌、椅、床、沙發；廠房出租', '0', '0', '2024-02-29', ''),
(98, 'DN745', 'DN745-022994571924', '盈發達建築有限公司', 'CÔNG TY TNHH XÂY DỰNG DOANH PHÁT ĐẠT', '劉明城', '會員', '', '0328184328', 'will161688@gmail.com', '', '0', '0', '2024-02-29', ''),
(99, 'DN746', 'DN746-022942320346', '墩豐越南責任有限公司', 'P&F BROTHERS VIET NAM CO., LTD', '張偉智', '會員', '', '   0989915121', 'robert@pandfbrother.com', '木工機', '0', '0', '2024-02-29', ''),
(100, 'DN277', 'DN277-022957937423', '高登紙品越南有限公司', 'CÔNG TY TNHH BAO BÌ KAOTEN (VIỆT NAM)', '許仁楷', '會員', '同奈省仁澤縣協福鎮仁澤三工業區FORMOSA分區第六號路08號', '0251.3560226~7 ', 'kaoten_vn@ymail.com', '紙管、纸桶', '0', '0', '2024-02-29', ''),
(101, 'DN278', 'DN278-022911923996', '大登建設開發有限公司', 'DADENG CONSTRUCTION AND INVESTMENT CO., LTD', '林甘霖', '會員', '平陽省土龍木城市富新坊大登工業園區F1-CN', '0274.3898955', 'daden8989@yahoo.com.tw', '大登工業園區基礎設施之建設與經營', '0', '0', '2024-02-29', ''),
(102, 'DN281', 'DN281-022977070245', '勝邦金屬有限公司', 'SHENG BANG METAL CO., LTD', '吳明穎', '會員', '同奈省展鵬縣北山社松梅工業區第三號路', '0251.3673006~8 ', ' info@shengbang.com.vn', '車輛零件、醫療器材、ED烤漆加工、塑膠射出。', '0', '0', '2024-02-29', ''),
(103, 'DN283', 'DN283-022912615596', '信勇股份有限公司', 'CÔNG TY HỮU HẠN TÍN DŨNG', '杨文德', '會員', '同奈省展鵬縣胡奈三工業區第Lo1-21D', '0251.3984142 ', '35097@sym.com.tw', '汽機車零組件及生活用品其他配件        精密加工技術鋁壓鑄&鐵件熱鍛造 加工等    ', '0', '0', '2024-02-29', ''),
(104, 'DN284', 'DN284-022909026634', '宏明工業有限公司', 'BROAD BRIGHT IND CO., LTD', '黃進興', '會員', '同奈省展鵬縣胡奈工業區1號路I-9區', ' 02513983432', 'joe@bbmvn.com.vn ', '汽機車排氣管及各類鐵件冲壓、彎管、焊接、塗裝..設計、開發、生產', '0', '0', '2024-02-29', ''),
(105, 'DN286', 'DN286-022973896101', '銘倉工業有限公司', 'MASTER INDUSTRIAL COMPANY', '洪坤顯', '會員', '同奈省展鵬縣胡奈三工業區第16A-Lot II號', '0251.6278675~6', 'master@viettel.vn', '鋁重力鑄造', '0', '0', '2024-02-29', ''),
(106, 'DN287', 'DN287-022918679968', '源昌木業越南公司', 'YUAN CHANG INDUSTRY VINA CO., LTD', '鄭吉財', '會員', '同奈省邊和市三福工業區lot N', ' 0251.3511416 ', 'sales1@yctimber.com', '傢俱、木製品、建材拼板出口', '0', '0', '2024-02-29', ''),
(107, 'DN288', 'DN288-022974609074', '展億責任有限公司', 'JAAN-E BRAKE INDUSTRIAL CO., LTD', '陳金泉', '會員', '同奈省展鵬縣胡奈三工業區第2號路', '0251.6278569', 'jaan@elig-tw.com', '各類機車、汽車、自行車剎車系統及零件、產業機器Lining,設計製造', '0', '0', '2024-02-29', ''),
(108, 'DN289', 'DN289-022972078837', '動點諮詢管理有限公司', 'POWER POINT MANAGEMENT.LTD', '游淑閔', '會員', '50/5 Lê Thị Hồng, P.17, Q.Gò Vấp, TP.HCM', '028.62590172  ', 'hochiminh.ppm@gmail.com', '服務諮詢', '0', '0', '2024-02-29', ''),
(109, 'DN296', 'DN296-022978940983', '東元科技(越南)責任有限公司', 'TECO TECHNOLOGY CO., LTD', '李明勲', '會員', '同奈省, 隆城縣, 三安社, 隆城工業區, 10號路，43號 廠房', '0251-3514136~7 ', 'n90020085@gmail.com', '水電弱電、空調系統工程施工及設計、高低壓配電盤設計製造、機電維修保養、配電器材、BUSWAY銷售、電磁開關、無熔絲斷路器、漏電斷路器、 冷氣設備。', '0', '0', '2024-02-29', ''),
(110, 'DN299', 'DN299-022974797419', '明安國際企業(越南)責任有限公司', 'CÔNG TY TNHH ADVANCED MULTITECH (VIỆT NAM)', '李明泰', '會員', '同奈省仁澤縣協福鎮仁澤三工業區（福懋分區）4路', ' 0251.3560426 ', 'andy.chen@adgroup.com.tw', '高爾夫球桿', '0', '0', '2024-02-29', ''),
(111, 'DN300', 'DN300-022938693657', '越南日華有限公司', 'NICCA VIETNAM CO., LTD', '許家泓', '會員', '同奈省邊河市AMATA工業區第2號路224/6號', '0251.3936080 ', 'chhsu@niccachemical.com', '紡織染整工業用界面活性劑，造紙工業用藥劑。眼鏡工業用化學。', '0', '0', '2024-02-29', ''),
(112, 'DN302', 'DN302-022981625393', '陞鑫越南責任有限公司', 'SHENG SHING (VIETNAM) PACKAGING\nCO., LTD', '林森望', '會員', '越南巴地頭頓省福美社美春坊美春A2工業區VI-3號路', '02543.931523  ', 'folklin@ssvnpackaging.com', '塑膠花套、包裝袋、成衣袋及BOPP、CPP各類、類花套裁剪、紙類包裝(材)、條紋式牛皮紙花套、牛皮紙切片(張)', '0', '0', '2024-02-29', ''),
(113, 'DN303', 'DN303-022988427074', '儒鴻越南紡織股份有限公司', 'CÔNG TY TNHH DỆT MAY ECLAT (VN)', '許恒維', '會員', '同奈省仁澤縣仁澤2工業區第5A號路', '0251.3560751', 'david.hsu@eclat.com.tw       ', '100% 成衣生產出口', '0', '0', '2024-02-29', ''),
(114, 'DN305', 'DN305-022926887292', '越順工業有限公司', 'VIET SHUENN INDUSTRIAL CO., LTD', '鍾廷良', '會員', '同奈省展鵬縣胡奈三工業區第6號路10號', '0251.3983948', 'vsixima96@gmail.com', '專營各種電鍍\n(SPECIALIAED IN VARIOUS PLATING)', '0', '0', '2024-02-29', ''),
(115, 'DN308', 'DN308-022920629291', '技佳（吉風）空壓機械有限公司', 'CÔNG TY TNHH CÔNG NGHIỆP CICA　', '王淑華', '會員', '同奈省，展鵬縣，胡奈三社，胡奈工業區', '(0274)  3786287 ', 'yaojen1689@gmail.com ', '空氣壓縮機設備服務業務', '0', '0', '2024-02-29', ''),
(116, 'DN312', 'DN312-022964433592', '企龍科技責任有限公司', 'STAND DRAGON TECHNOLOGY CO., LTD', '葉晉欣', '會員', '同奈省展鵬縣展鵬鎮保宵工業區', '0251.3677562', 'info@stand-dragon.com.vn', '金屬扣件、螺帽、螺絲、特殊配件螺帽', '0', '0', '2024-02-29', ''),
(117, 'DN314', 'DN314-022960878713', '捷美責任有限公司', 'JIAMEI LIMITED COMPANY', '林秋生', '會員', '同奈省展鵬縣松梅工業區第7號路', '0251.3673695', 'jiamei@jiamei.com.vn', '商標織造、印標、吊牌印刷', '0', '0', '2024-02-29', ''),
(118, 'DN315', 'DN315-022979880250', '昕展橡膠責任有限公司', 'CÔNG TY TNHH HÂN TRIỂN(VN)', '呂志銘', '會員', '同奈省隆成縣安福社151 ', '0251.3512326', 'hantrien01@gmail.com', '專業各種橡膠零件 開發生產. \nO型環,矽膠零件,機車汽門油封,橡膠墊片,密封圈 。', '0', '0', '2024-02-29', ''),
(119, 'DN316', 'DN316-022953006580', '全業紡織(股)公司', 'CÔNG TY TNHH PROMAX TEXTILE (VIỆT NAM)', '鄭耿良', '會員', '同奈省仁澤縣協福鎮仁澤三工業區FORMOSA分區第六號路33號', ' 0251.3569118', 'jordan@promaxtex.com', '紡織業', '0', '0', '2024-02-29', ''),
(120, 'DN317', 'DN317-022935538901', '同奈華慶泡綿責任有限公司', 'DONG NAI HWA CHING FOAM CO., LTD', '陳瑞坡', '會員', '同奈省仁澤縣仁澤二工業區5A號路', ' 0251.3560522    ', 'kevinkuo@hwachingfoam.com', '各式泡綿與貼合加工', '0', '0', '2024-02-29', ''),
(121, 'DN318', 'DN318-022958714603', '軸星科技股份有限公司', 'AXIS STAR CO.,LTD', '李政霖', '會員', '同奈省展鵬縣胡奈三工業區', ' 0251.6278636', 'poko11.peko26@msa.hinet.net', '沖壓加工、線切割加工', '0', '0', '2024-02-29', ''),
(122, 'DN321', 'DN321-022933297845', '玉山銀行(同奈分行)', 'NGÂN HÀNG THƯƠNG MẠI TNHH E.SUN – CN ĐỒNG NAI', '宋狄裕', '會員', '同奈省邊和市AMATA工業區服務中心1樓101室,2樓209室', '0251.3671313  ', ' gary-05822@esunbank.com', '銀行', '0', '0', '2024-02-29', ''),
(123, 'DN322', 'DN322-022956865606', 'PROTEK IND.CO., LTD', 'CÔNG TY TNHHCN PROTEK', '陳淑真', '會員', '同奈省龍城縣龍城工業區8號路', '0251.3514791', 'anne.chen1303@gmail.com', '鋸類手工具製造與銷售', '0', '0', '2024-02-29', ''),
(124, 'DN323', 'DN323-022917402079', '金長實業有限公司', 'CÔNG TY HHCN CHIN CHANG', '田坤長', '會員', '同奈省展鵬縣胡奈三工業區2區10A號', ' 0251.6278585', 'chinchang.chinchang@yahoo.com', 'CNC线切割600x900、連續模、沖壓工程模具製作、專業沖壓生產各類五金、配件', '0', '0', '2024-02-29', ''),
(125, 'DN326', 'DN326-022975334009', '清泰企業(越南)股份有限公司', 'CHINGTIDE VIETNAM CO.,LTD', '簡清潭', '會員', '同奈省龍城縣龍城工業區3A路DI-8A號', '0251.3514180  ', 'chingtide@chingtide.com.tw', '石化原料、塑膠用化學品、原料藥、電子化學占金屬加工油品、西藥原料及中間體', '0', '0', '2024-02-29', ''),
(126, 'DN329', 'DN329-022900079580', '越南登豐責任有限公司', 'CÔNG TY TNHH ĐĂNG PHONG VIỆT NAM', '陳中宜', '會員', '平陽省順安縣安福社新加坡工業區61.63DC31區D9路', '0274.3764277 ', 'ace.power@msa.hinet.net', '發電機銷售、維護、保養', '0', '0', '2024-02-29', ''),
(127, 'DN336', 'DN336-022922926301', '佶沛石油化學有限公司', 'GREAT PROSPERITY PETRO CHEMISTRY CO., LTD', '方書睿', '會員', '同奈省龍城縣龍城工業區三路', '0251.3514699', 'congtyhoadault@gmail.com', '電鍍原料表面處理劑、酸碱中和劑、金屬加工及工業用油、專業潤滑油調配廠', '0', '0', '2024-02-29', ''),
(128, 'DN339', 'DN339-022907923131', '大綸責任有限公司', 'CÔNG TY TNHH DALUEN (VIỆT NAM)', '陳信彰', '會員', '同奈省仁澤縣富會社仁澤二工業區7A號路', '0251.3569215', 'bruce@da-luen.com', '成衣網布、紡織、三明治布、萊克布、彈性布、鞋用網布、泳裝布、洗衣網布…等', '0', '0', '2024-02-29', ''),
(129, 'DN340', 'DN340-022928169793', '友美印刷股份有限公司', 'HI-TRANS CO., LTD', '盧清玉', '會員', '同奈省邊和市邊和二工業區3A號路15號', '0251.3831100  ', 'hitransvn5@gmail.com', '熱轉印標、直接印花、昇華轉印紙、昇華轉印加工', '0', '0', '2024-02-29', ''),
(130, 'DN343', 'DN343-022961039518', '東芝貿易責任有限公司', 'DONG CHI TRADING COMPANY LIMITED', '廖品黃', '會員', '同奈省邊和市安平坊邊和一工業區第9號路5B號', '0251.8830320', 'morris8545@yahoo.com.tw', '專業租賃黑白顏色影印機', '0', '0', '2024-02-29', ''),
(131, 'DN345', 'DN345-022986132119', '精策環境工程(越南)責任有限公司', 'CHINGTSE ENVIRONMENTAL ENGINEERING (VN) CO., LTD', '賀培杰', '會員', '同奈省龍城縣龍安社第3芭第2組', '0251.2860236', ' gn0709@hotmail.com', '環境工程 [廢水處理]\n淨水處理、販售污水淨水藥品、污水廠代操作、環保文書代辦', '0', '0', '2024-02-29', ''),
(132, 'DN347', 'DN347-022904215653', '高鼎精細化工(越南)責任有限公司', 'COATING FINE CHEMICAL (VN) CO., LTD', '林永泰', '會員', '同奈省仁澤縣協福鎮仁澤五工業區', '0251.2814168/9  ', '11147@mail.coating.com.tw', 'PUR濕氣反應型聚氨酯熱熔膠、軟包裝膜複合膠水、水性PU面料&膠水、防水透濕PU面料底料、貼合/繫紗用PU膠、一液型PU面料、紡織用聚酯助劑SIPEG、多元醇聚酯樹酯Polyol、各類用途TPU膠粒、造膜級TPU膠粒、HOT-MELT TPU、乾溼式PU合成皮原料、粘扣帶加工用PU膠&PUR ', '0', '0', '2024-02-29', ''),
(133, 'DN349', 'DN349-022922121557', '金車責任有限公司', 'CÔNG TY TNHH KING CAR', '游長立', '會員', '同奈省仁澤縣仁澤三工業區Formosa分區第A3區', ' 0251.3560028', 'longly@kingcar.com.tw', '咖啡、飲料', '0', '0', '2024-02-29', ''),
(134, 'DN351', 'DN351-022976759957', '金紀精密工業有限公司', 'GOLDEN ERA INDUSTRY PRECISION CO.,LTD', '王惠賢', '會員', '同奈省展鵬縣胡奈三工業區', '0251.3984086~7', 'goldenera2005@yahoo.com', '各產品沖壓、焊接件、汽機車鐵件電動車車架、機車車架', '0', '0', '2024-02-29', ''),
(135, 'DN354', 'DN354-022977734725', '旺隆(越南)責任有限公司', 'CÔNG TY TNHH WANG LONG (VIỆT NAM)', '周靖翊', '會員', '同奈省邊和市龍平鎮AMATA工業區3B路30A號', '0251.3936588', 'rich-c.vn@hotmail.com', '紡織、皮革、造紙、電子清洗污廢、處理前及粗化之專業紡織助劑,環保界面化學', '0', '0', '2024-02-29', ''),
(136, 'DN360', 'DN360-022902074926', '永信藥品越南工業有限公司', 'Y.S.P INDUSTRIES VIETNAM CO., LTD', '李芳信', '會員', '同奈省仁澤縣仁澤三工業區6號路', '0251.3561993', 'ylc@yspsah.com', '人用藥與動物藥品的製造與分銷', '0', '0', '2024-02-29', ''),
(137, 'DN363', 'DN363-022918814479', '和鼎隆建築責任有限公司', 'HO TEAM CONSTRUCTION CO., LTD', '簡智明', '會員', '同奈省邊和市三福工業區三號路', '0251.3510156~9', ' ho_team07@yahoo.com', '*國家一級資質設計，審查\n民用建築工程（樓層50層，樓高200米以下之大樓工程）\n一般工業建築工程\n*國家一級資質施工\n民用建築工程（樓層50層，樓高200米以下之大樓工程）\n重工業（化工）', '0', '0', '2024-02-29', ''),
(138, 'DN364', 'DN364-022978469645', '和正豐科技責任有限公司', 'BUENO TECHNOLOGY CO., LTD', '陳昆漢', '會員', '越南同奈省仁澤三工業區5道路', '0251.3569311', 'sam@buenoeco.com', '閥類及有關另配件製造、PTFE (鐵氟龍) 製品製造、鋼鐵鑄造 (脫腊鑄造) 製造', '0', '0', '2024-02-29', ''),
(139, 'DN366', 'DN366-022947891016', 'CSB ENERGY TECHNOLOGY (VIỆT NAM) CO.,LTD', 'CÔNG TY TNHH CÔNG NGHỆ \nNĂNG LƯỢNG CSB (VIỆT NAM)', '朱啟源', '會員', '同奈省仁澤縣隆壽社仁澤第三第二階段工業區第４號路', '0251.3569122', 'timchu@hitachi-chem-en.com.tw', '閥控式密封鉛酸蓄電池(VRLA電池)', '0', '0', '2024-02-29', ''),
(140, 'DN368', 'DN368-022974975527', '台北富邦商業銀行股份有限公司\n胡志明市分行', 'TAIPEI FUBON COMMERCIAL BANK CO.,LTD', '黎庭君', '會員', '胡志明市第一郡濱義坊黎利路67號Saigon Centre 2, 9樓', ' 028.3932 5888', 'tim.li@fubon.com', '銀行', '0', '0', '2024-02-29', ''),
(141, 'DN371', 'DN371-022927689807', '南寳-納路漆(越南)有限公司', 'NOROO-NANPAO PAINTS & COATINGS (VIỆT NAM) CO., LTD', '范志豪', '會員', '同奈省仁澤縣協福市鎮仁澤二工業區7B號路第三座', '0251.3569966', 'alexfan@noroo-nanpao.com.vn', '內外墻塗料、鋼結構防腐蝕漆、地坪漆，防水材、粉體塗料、木器漆、汽車修補漆、工業漆、抗指紋塗料、捲鋼漆', '0', '0', '2024-02-29', ''),
(142, 'DN375', 'DN375-022918065048', '鼎捷軟件(越南)股份有限公司', 'CÔNG TY CỔ PHẦN PHẦN MỀM DI GI WIN VIỆT NAM', '許智豪', '會員', '越南胡志明市第7郡新富阮文梁朋路15號Golden King大廈第12A樓', '028-73070788', 'eddiesheu@digiwin.com', 'ERP企業管理系統、進銷存、生產製造、財務會計、人事薪資；軟體服務具備中越文介面與在地輔導顧問團隊', '0', '0', '2024-02-29', ''),
(143, 'DN383', 'DN383-022938424214', '源興國際責任有限公司', 'CÔNG TY TNHH QUỐC TẾ NGUYÊN HƯNG', '張瑞泰', '會員', '同奈省仁澤縣仁澤一工業區2號路', '0251.3569236~7', ' raytai88@gmail.com', '倉庫籠,物流台車,手推車,布料染整車,工業輪。', '0', '0', '2024-02-29', ''),
(144, 'DN384', 'DN384-022965482556', '允偉國際責任有限公司', 'GRANDE INTERNATIONAL ENT CO., LTD', '李威達', '會員', '同奈省仁澤縣仁澤第二工業區富會社第25B路', ' 0251.3560487', 'jasonlee@gennshang.com', '製造業、生產保護型用具產品', '0', '0', '2024-02-29', ''),
(145, 'DN391', 'DN391-022964467781', '嘉桐木業越南有限公司', 'CÔNG TY TNHH CARIYAN WOODEN', '張金德', '會員', '同奈省邊和市三福工業區9號路', '0251.6280200', 'chihyuan0102@gmail.com', '木業傢俱', '0', '0', '2024-02-29', ''),
(146, 'DN395', 'DN395-022994804870', '裕豐電機工業有限公司', 'CÔNG TY TNHH CN DŨ PHONG', '李佑銘', '會員', '西寧省展鵬市安靜坊展鵬工業區7號路', '0276.3897178', 'dp3900336907@gmail.com', '配電箱盤、鐵製線槽線架製造、新建廠房水電工程設計施工', '0', '0', '2024-02-29', ''),
(147, 'DN397', 'DN397-022906069515', '越南美其責任有限公司', 'MAJESTIC ENTERPRISE CO., LTD', '林錫源', '會員', '同奈省仁澤縣福禪社仁澤一工業區2號路', ' 0251.3560641    ', 'wenxiang@majesticace.com.tw', '生產各種盛裝樂器之盒子、袋子', '0', '0', '2024-02-29', ''),
(148, 'DN398', 'DN398-022997843384', '金鴻龍責任有限公司', 'CÔNG TY TNHH KIM HỒNG LONG', '賴鴻樟', '會員', '同奈省隆城縣隆福社新地邑', '0251.3559108', 'lai0528@yahoo.com.tw', '奧地利NUMTEC 煉鋼廠設備，德國GEGA火焰切割設備越南代理、基太克振動計越南代理、台灣傳仕減速機及台灣工機減速機越南代理，鋁合金焊材，焊接設備、不鏽鋼管，鋼板，鋼捲，福祿克及日本共立HIOKI電錶檢驗儀器，MSA工安設備', '0', '0', '2024-02-29', ''),
(149, 'DN400', 'DN400-022965552832', '新眾曲木傢俱用品責任有限公司', 'CÔNG TY TNHH TÂN CHUNG', '吴眧宏', '會員', 'Đường số 2A, KCN Mỹ Xuân A, thị xã Phú Mỹ, tỉnh BR-VT', '0254.3931008', 'eric@smartplywoodtech.com', '', '0', '0', '2024-02-29', ''),
(150, 'DN401', 'DN401-022911564131', '永豐餘紙業同奈有限公司', 'CÔNG TY TNHH GIẤY YUEN FOONG YU ĐỒNG NAI', '張慶三', '會員', '同奈省龍城縣平山社', '0251.3533555', 'i7083@yfypack.com', '瓦楞平板、紙箱', '0', '0', '2024-02-29', ''),
(151, 'DN403', 'DN403-022977288517', '中貿金屬工業(越南)有限公司', 'CÔNG TY CP KIM LOẠI CSGT (VN)', '杜志明', '會員', '同奈省展鵬縣胡奈工業區6號路VI-1A座', '0251.3671151', 'chester@csmv.vn', '碳鋼、不銹鋼、鋁品等、材料裁剪', '0', '0', '2024-02-29', ''),
(152, 'DN404', 'DN404-022987887084', '國泰世紀產物保險股份有限公司', 'CONG TY TNHH BAO HIEM PHI NHAN THO CATHAY', '劉宜泰', '會員', '胡志明市第一郡範鴻泰街46-48-50號3B樓', '028.6288.8385', 'liuyitai@cathay-ins.com.vn     ', '產物保險', '0', '0', '2024-02-29', ''),
(153, 'DN410', 'DN410-022921711932', '越南瑞泰電機有限公司', 'VIET NAM SUITAI ELECTRIC LTD', '蘇芳利', '會員', '同奈省展鵬縣胡奈工業區I-21A座', '0251.3981761     ', 'fanglisu@yahoo.com.vn', '電子業', '0', '0', '2024-02-29', ''),
(154, 'DN411', 'DN411-022925684054', '宏光車料(越南)責任有限公', 'CÔNG TY TNHH VP COMPONENTS (VIỆT NAM)', '林正剛', '會員', '同奈省邊和市龍平坊AMATA工業區2號路104/2-1號', '0251.3936579', 'vp_lin@vpcomponents.com', '鋁質- 不鏽鋼沖壓面板、金屬塑膠銘板標牌、沖壓、噴砂、蝕刻，刷線、雕刻、噴漆、印刷、電鍍、陽極氧化、PVD…', '0', '0', '2024-02-29', ''),
(155, 'DN416', 'DN416-022932904589', '越佳企業股份有限公司', 'GREAT VECA CO.,LTD.(VN)', '蔡裕泰', '會員', '同奈省，展鵬縣，北山社', ' 0251.3967801', 'tomtsai1118@gmail.com', '傢具業', '0', '0', '2024-02-29', ''),
(156, 'DN420', 'DN420-022943999136', '越南慶昇工業股份有限公司', 'CHIN SHENG VIET NAM INDUSTRIAL CO., LTD', '許繼堯', '會員', '同奈省展鵬縣胡奈工業區3號路', ' 0251.6278685', 'tonyhsuvn@yahoo.com', '專業生產各類華司、沖壓與焊接零件', '0', '0', '2024-02-29', ''),
(157, 'DN422', 'DN422-022957386081', '政展專業金屬熱處理有限公司', 'ZHENG ZHAN CO .,LTD', '郭政忠', '會員', '同奈省展鵬縣湖奈工業區 ', '0251.3671129', 'zhengzhan2010@yahoo.com.vn', '固溶化、表面硬化鋼(軟硬氣化AB1、滲碳)熱處理：冷熱模具鋼工具鋼構造用鋼、調質正常化、銅鋁合金一般退火', '0', '0', '2024-02-29', ''),
(158, 'DN423', 'DN423-022925400992', '農友種苗(越南)有限公司', '(VN) KNOWN YOU SEED COMPANY LTD', '周財億', '會員', '同奈省隆城縣隆安社', ' 0251.3844630', 'kyv_chou@knownyou.com.vn', '蔬菜種子生產及購賣', '0', '0', '2024-02-29', ''),
(159, 'DN428', 'DN428-022954958361', '越南宏穎責任有限公司', 'CÔNG TY TNHH HOMN REEN (VIETNAM)', '許朝勛', '會員', '同奈省邊和市三福社三福工業區', ' 0251.3511178', 'carlosshu@homnreen-vn.com', '螺絲、線材、加工', '0', '0', '2024-02-29', ''),
(160, 'DN445', 'DN445-022944472297', '合益金屬工業(越南)股份公司', 'COMAX METALS VIETNAM JOINT STOCK COMPANY', '鄭厚邑', '會員', '同奈省展鵬縣胡奈三工業區6號路 VI-1B', ' 0251.3671142', 'vulcan-vic3@umail.hinet.net ', '專業生產冷熱軋鋼管、矩型管方型管、異型管', '0', '0', '2024-02-29', ''),
(161, 'DN446', 'DN446-022992273856', '麥番樂餐廳', 'Quán Ăn Bạch Hoan Lạc', '劉明德', '會員', '同奈省仁澤縣協福社第一區 ', '0909 539 199', '', '餐廳', '0', '0', '2024-02-29', ''),
(162, 'DN447', 'DN447-022901909739', '瑋利工業責任有限公司', 'CÔNG TY TNHH VĨ LỢI', '林華南', '會員', '越南同奈省仁澤縣仁澤二工業區25B號路', ' 0251.3560267', 'welly.invn@gmail.com', '製造業、馬達', '0', '0', '2024-02-29', ''),
(163, 'DN454', 'DN454-022903219172', '越南百登責任有限公司', 'CÔNG TY TNHH MTV BÁCH ĐĂNG', '洪耀東', '會員', '同奈省邊和市隆平新坊龍田區46B/7號', '0251.8869417 ', ' bachhop1707@gmail.com', '紡織工業染料、助劑、粗化工', '0', '0', '2024-02-29', ''),
(164, 'DN457', 'DN457-022940411061', '緯達皮革責任有限公司', 'WEI TAI (VN) LEATHER CO., LTD', '洪永益', '會員', '同奈省仁澤縣協福市鎮仁澤三工業區', ' 0251.3560886 ', 'vacc2@weitai-leather.com', '牛皮、豬皮、羊皮', '0', '0', '2024-02-29', ''),
(165, 'DN462', 'DN462-022991286117', 'KOWIDE OUTDOORS COMPANY LIMITED', 'CÔNG TY TNHH KOWIDE OUTDOORS', '萬仁全', '會員', '同奈省隆慶鎮竹溪工業區', ' 0251.3647666', 'ken@henggin.com.tw       ', '成衣、背包', '0', '0', '2024-02-29', ''),
(166, 'DN464', 'DN464-022952241612', '威模科技精密電子有限公司', 'WEI MO TECCHNOLOGY PRECISION ELECTRONIC CO.,LTD', '章振隆', '會員', '同奈省邊和市邊和第二工業區4A號路6號', '0251.3831919', 'weimo2012@gmail.com', '精密金型製造、塑膠射出成形、成品組立加工', '0', '0', '2024-02-29', ''),
(167, 'DN465', 'DN465-022924949366', '越昌泰責任有限公司', 'CÔNG TY TNHH MTV VIỆT XƯƠNG THÁI', '陳聰志', '會員', '同奈省邊和市安平區A6號路6號', '0251.3837870', 'gententctc@yahoo.com.tw', '空壓機及其周邊設備', '0', '0', '2024-02-29', ''),
(168, 'DN466', 'DN466-022953420856', '美訊企業有限公司', 'MAX SUCCEED ENTERPRISES CO.,LTD', '朱賜吉', '會員', '同奈省邊和市邊和第二工業區15A號路3號', '0251.3836556   ', 'joe.chu@mscaps.com', '帽子、圍巾、皮帶等等…', '0', '0', '2024-02-29', ''),
(169, 'DN468', 'DN468-022903849444', '越南港淵工業責任有限公司', 'CÔNG TY TNHH CÔNG NGHIỆP KANG YUAN (VN)', '王智弘', '會員', '同奈省仁澤縣仁澤一工業區第10號路', '0251.3568099', 'chwang@kangyuan.vn', '五金沖壓、車床', '0', '0', '2024-02-29', ''),
(170, 'DN471', 'DN471-022912128590', '越紅責任有限公司', 'YAHON ENTERPRISE CO.,LTD', '徐文財', '會員', '同奈省展鵬縣北山社西樂村安朱邑', ' 02513.869561 ', ' hsu@wedison.com.tw', '化妝棉、醫療用棉、醫用酒精棉片、嬰兒濕巾、餐用濕巾、面紙、衛生紙，\n口罩   、 棉花棒  、 酒精擦濕巾 、  廚房去油汙濕巾 、旅行便利棉褲', '0', '0', '2024-02-29', ''),
(171, 'DN472', 'DN472-022938118028', '越南國元工業有限公司', 'KUO YUEN INDUSTRIAL VIETNAM LTD', '金祖豪', '會員', '同奈省仁澤縣仁澤三工業區', '0251.3560146', 'kuoyuen@kuoyuen.com.vn', '皮革業', '0', '0', '2024-02-29', ''),
(172, 'DN474', 'DN474-022978872689', '北宏責任有限公司', 'CÔNG TY TNHH BẮC HOẰNG', '周浩軒', '會員', '同奈省展鵬縣胡奈工業區3A號路', '0251.3671295 ', ' bh.hiro@bachoang.com.tw', '傢俱製造業', '0', '0', '2024-02-29', ''),
(173, 'DN478', 'DN478-022981626361', '綿春越南責任有限公司', 'CÔNG TY TNHH MEN-CHUEN (VN)', '郭豐年', '會員', '同奈省展鵬縣江田工業區第2號路', '0251.8966868', 'albert.kuo@mds-intl.com', '紡織成衣副料', '0', '0', '2024-02-29', ''),
(174, 'DN479', 'DN479-022974687498', '壹鼎商業建築投資股份公司', 'CÔNG TY CỔ PHẦN ĐẦU TƯ XÂY DỰNG THƯƠNG MẠI NHẤT ĐỈNH', '陳玉生', '會員', '同奈省仁澤縣福安社C3區41號', '0251.3682218', 'changlaicheng@yahoo.com.tw', '建築、營造、營建修繕', '0', '0', '2024-02-29', ''),
(175, 'DN480', 'DN480-022980626116', '大東(越南)紡織責任有限公司', 'CÔNG TY TNHH DỆT TAH TONG (VN)', '陳建州', '會員', '巴地頭頓省新城縣美春工業區B1第1-1座', '0254.392 4036', 'eddie@tahtong.com.tw', '精梳棉紗、人造棉、化纖紗', '0', '0', '2024-02-29', ''),
(176, 'DN483', 'DN483-022915100400', '金龍責任有限公司', 'KING LONG CO.,LTD', '陳玠志', '會員', '同奈省仁澤縣仁澤三工業區', '0251.3560587', 'c0918265975@gmail.com', '預伴混凝土及水泥製品', '0', '0', '2024-02-29', ''),
(177, 'DN484', 'DN484-022957388953', '伊戈建材有限公司 (越南)', 'CÔNG TY TNHH VẬT LIỆU XÂY DỰNG EAGLE (VIỆT NAM)', '陳茂恒', '會員', '同奈省展鵬縣胡奈三工業區11路第V-2D號', '0251.8889777', 'jerryc@eagletops.com', '人造石、衛生潔具', '0', '0', '2024-02-29', ''),
(178, 'DN487', 'DN487-022901041578', '帆宣越南責任有限公司', 'CÔNG TY TNHH MARKETECH', '高新明', '會員', '胡志明市第11郡第15坊3-2路', '028.22250690', 'tonghoa.thai@gmail.com ', '建築營造、機電工程、無塵室、廠務工程客製化及整合系統', '0', '0', '2024-02-29', ''),
(179, 'DN490', 'DN490-022995501016', '恒利服務集團', 'EVERWIN SERVICE GROUP', '孔祥平', '會員', '胡志明市新平郡10坊尼師黃連23號', '028.3975.6888 ', 'service@everwin-group.com', '稅務會計、法律顧問、法律訴訟、投資顧問、成立公司、建設工程、房地產仲介', '0', '0', '2024-02-29', ''),
(180, 'DN492', 'DN492-022969250217', '越南同奈隆昌織染公司', 'CÔNG TY TNHH QUỐC TẾ \nGOLD LONG JOHN ĐỒNG NAI (VN)', '曹榮棕', '會員', '同奈省仁澤縣仁澤二工業區', ' 0251.3569039', 'jackal.tsao@ljg.com.tw   ', '染整、紡織', '0', '0', '2024-02-29', ''),
(181, 'DN495', 'DN495-022966032348', '越南濾水科技責任有限公司', 'CÔNG TY TNHH VINAFILTER TECHNOLOGY', '洪懿德', '會員', '同奈省邊和市三福工業區', '0251.3513879   ', 'vinafilter@vnn.vn', '各類廢水、廢氣處理系統設計及施工、各類廢水處理後回收再利用系統設計及施工\n、各式環境設備及工業桶槽設計及製造、水及廢水處理藥品、耗材之販售、廢水處理\n廠代操作運行之工作、中央及地方環保證照諮詢申請之工作', '0', '0', '2024-02-29', ''),
(182, 'DN497', 'DN497-022916316994', '祐鯤建設技術工業有限公司', 'YU KUEN CONSTRUCTION TECHNOLOGY INDUSTRY CORP', '陳泰郎', '會員', '同奈省龍城縣龍安社第25B路', '0251.3845113', 'cty.yukuen@ymail.com', '植入樁、壓樁、打樁、鋼板樁工程、吊車工程', '0', '0', '2024-02-29', ''),
(183, 'DN498', 'DN498-022973714185', '正新橡膠(越南）工業有限公司', 'CHENG SHIN RUBBER (VN) IND.,CO.,LTD', '羅才仁', '會員', '同奈省仁澤縣三工業區', '0251.3560910', 'mdfu@mail.cst.com.tw', '橡膠裝品造業', '0', '0', '2024-02-29', ''),
(184, 'DN500', 'DN500-022919681567', '一品塗料責任有限公司', 'CÔNG TY TNHH CÔNG NGHIỆP SƠN NHẤT PHẨM', '蔡宏明', '會員', '同奈省邊和市龍平鎮', '0251.3936666', 'ipingvn@vnn.vn', '各種油漆、綜合溶劑', '0', '0', '2024-02-29', ''),
(185, 'DN501', 'DN501-022976630111', '兆豐國際商業銀行', 'MEGA INTERNATIONAL COMMERCIAL\nBANK CO.,LTD HO CHI MINH CITY BRANCH', '黃建智', '會員', '胡志明市第一郡孫德勝5B號', '028.38225697', '004013@megabank.com.tw', '銀行業', '0', '0', '2024-02-29', ''),
(186, 'DN503', 'DN503-022936067090', '其利工業集團 - 越南廠', 'STARITE INTERNATIONAL VIETNAM LTD', '楊樹雄', '會員', '同奈省展邦縣保宵工業區', '0251-8951160', 'cindylin@pihlgp.com', '生產各種手提袋、運動背包、公文袋、行李箱…及製造運動產品配件', '0', '0', '2024-02-29', ''),
(187, 'DN504', 'DN504-022932519430', '毛寶越南責任有限公司', 'CÔNG TY TNHH MAO BẢO (VN)', '吳賢泰', '會員', '同奈省隆城縣隆城工業區3號路', '0251.3514460', 'dennis@maobao.com.tw', '洗衣精、家用清潔劑', '0', '0', '2024-02-29', ''),
(188, 'DN506', 'DN506-022945675098', '禾寶醫療集團\n金寶山(越南)國際有限公司', 'EVER GLOBAL (VN) ENTERPRISE CORPORATION', '林瑞賢', '會員', '越南同奈省龍城縣龍城工業區一號路', '0251.3514033', ' jerry@egvnco.com', '醫療手套生產與販售', '0', '0', '2024-02-29', ''),
(189, 'DN509', 'DN509-022918427999', 'SOLUNA CO., LTD', 'SOLUNA CO., LTD', '王木旺', '會員', '越南同奈省仁澤第三工業區第二階段', '0251.3568889   ', 'tim@promaxtex.com', '成衣', '0', '0', '2024-02-29', ''),
(190, 'DN510', 'DN510-022965076521', '安達責任有限公司', 'CÔNG TY TNHH AN ĐẠT', '唐乃萍', '會員', '同奈省仁澤縣仁澤一工業區', '0251.3568778', 'andatpaper@vnn.vn', '紡織用紙管、各類紙管', '0', '0', '2024-02-29', ''),
(191, 'DN514', 'DN514-022904351985', '久昇(越南)責任有限公司', 'CÔNG TY TNHH CỬU THĂNG', '葉小蕙', '會員', '同奈省仁澤縣仁澤三工業區', '0251.3568716', 'jeaushan_vn@yahoo.com', '紙管、紙棧板', '0', '0', '2024-02-29', ''),
(192, 'DN517', 'DN517-022983982400', '越南吉太製縣有限公司', 'CÔNG TY TNHH DỆT SỢI GI TAI', '蔡盈甫', '會員', '同奈省仁澤縣協福社仁澤2工業區5A路', '0251.3560370', 'aa344538@gmail.com', '生產各種車縫線 \n', '0', '0', '2024-02-29', ''),
(193, 'DN520', 'DN520-022965813622', '健恆工業有限公司', 'KIEN HANG INDUSTIAL CO.,LTD', '洪美雲', '會員', '同奈省邊和市安平坊二工業區3A路24號', '0251.3835788  ', 'kienphong2007@yahoo.com.vn', '辦公傢俱設計生產，不鏽鋼手工水槽生產，廚俱，系統家俱設計生產，室內裝修規劃設計，廚房降溫工程規劃施工，家用瀘水器安裝販售。鐵木家具，餐吧椅，鋼製家具（含不鏽鋼），商場展示櫃外鎖，不鏽鋼流理台。靜電水性塗裝加工（木，鐵）', '0', '0', '2024-02-29', ''),
(194, 'DN523', 'DN523-022994543732', '全球動力機械有限公司(GPMI)', 'CÔNG TY HỮU HẠN CƠ KHÍ ĐỘNG LỰC TOÀN CẦU', '許中新', '會員', '同奈省展鵬縣江田工業區7號路', ' 0251.8966269', 'jack.hsu@vpic-group.com', '汽機車、自行車、沖壓、壓鑄、鍛造、脫蠟鑄造、鋁鑄之零件、粉體塗裝、液體塗裝、ED 塗裝、自行車整車生產組裝', '0', '0', '2024-02-29', ''),
(195, 'DN527', 'DN527-022962054312', '高信貿易責任有限公司', 'CAO TIN PRODUCTION AND TRADE CO.,LTD', '張銍暘', '會員', '平陽省順安市那條坊13號公路99/10號', '0274.3760618', 'xenangcaotin2002@gmail.com', '各廠牌堆高機起重機械與發電機銷售、保養、維修、長短期出租等', '0', '0', '2024-02-29', ''),
(196, 'DN528', 'DN528-022917551129', '明影鋁業責任有限公司', 'CÔNG TY TNHH NHÔM ALANMI', '陳昭影', '會員', '同奈省三福工業區第三號路', '0251.3511447', 'vuphuong.alanmi@gmail.com', '鋁門窗、工業鋁擠型', '0', '0', '2024-02-29', ''),
(197, 'DN530', 'DN530-022939247691', '水動力國際責任有限公司\n（台灣河見電機工業股份有限公司）', 'CÔNG TY TNHH QUỐC TẾ THỦY ĐỘNG LỰC', '陳慶發', '會員', '胡志明市平新郡平興和坊范鄧講路205/30號', '028.62671225     ', 'neil0517.hcp@gmail.com', '各類沉水泵專業銷售與售後服務', '0', '0', '2024-02-29', ''),
(198, 'DN531', 'DN531-022913839281', '大洋塗料股份有限公司', 'CÔNG TY TNHH SƠN OCEAN (VIỆT NAM)', '蔡建昇', '會員', '同奈省龍城縣三安社龍城工業區第9-7號', '0251.3514569       ', 'jason.tsai@oceancoatings.com', '製造業、粉體塗料', '0', '0', '2024-02-29', ''),
(199, 'DN532', 'DN532-022904359612', '奇堡責任有限公司', 'CI BAO CO.,LTD', '王裕嘉', '會員', '同奈省，隆慶市，竹溪坊，竹溪工業區，N5路', '0251.3646880     ', 'charlie.wang@cb.ssbshoes.com', '鞋業工廠、生產運動鞋', '0', '0', '2024-02-29', ''),
(200, 'DN533', 'DN533-022945302205', 'JANDS FOOTWEAR CO.,LTD', 'CÔNG TY TNHH GIÀY DÉP JANDS', '吳惠玲', '會員', '同奈省邊和市龍平新坊隆田鎮', '0251.3936677', 'ceo@js-footwear.com', '鞋業：女鞋，童鞋', '0', '0', '2024-02-29', ''),
(201, 'DN536', 'DN536-022924120509', '恒力電池科技(越南)有限責任公司', 'CÔNG TY TNHH CÔNG NGHỆ ẮC QUY \nHENG LI (VIỆT NAM)', '吳福清', '會員', '同奈省仁澤縣仁澤三工業區第二階段第4號路', '0251.3566876', 'hengli@baacebattery.com', '生產铅酸蓄電池', '0', '0', '2024-02-29', ''),
(202, 'DN538', 'DN538-022937664468', '越南海德公司', 'CÔNG TY TNHH HEADER PLAN', '郭志誠', '會員', '同奈省永久縣平和社第二區', '0251.3965290', 'kuofrank@headerplan.com.tw', '不鋼鐵螺絲', '0', '0', '2024-02-29', ''),
(203, 'DN542', 'DN542-022968534700', '展昭國際企業股份有限公司', 'CHANCHAO INTERNATIONAL CO.,LTD', '鍾宏義', '會員', '胡志明市第一郡多高坊阮廷沼街四號', '028.38279156  ', 'yangweijer@yahoo.com.tw', '展覽服務', '0', '0', '2024-02-29', ''),
(204, 'DN544', 'DN544-022928063015', '資誠會計師事務所', 'PwC (Vietnam) Limited.', '陳以謙', '會員', '胡志明市第一郡黎舜街29號西貢高樓八樓', '028.38230796', 'chen.yii-chian@pwc.com', '會計師事務所', '0', '0', '2024-02-29', ''),
(205, 'DN548', 'DN548-022919468388', '鎧薇有限公司', 'CÔNG TY TNHH SX-TM KHẢI MI', '林俊銘', '會員', '胡志明市,第11君,13坊,爐超露,288/7號 ', '028.3962.2212', 'kaimeisaigon@gmail.com', '專業工業二手機   \n1.中古機器-廢機   \n2.庫存貨          \n3.金屬-塑膠廢料', '0', '0', '2024-02-29', ''),
(206, 'DN550', 'DN550-022976958396', 'PROWELL 責任有限公司（越南）', 'CÔNG TY TNHH PROWELL ( VIỆT NAM)', '江孟韋', '會員', '同奈省隆慶社市隆慶工業區', '0251.3789883', 'wayne@zucca.com', '鞋業', '0', '0', '2024-02-29', ''),
(207, 'DN551', 'DN551-022978865042', '越一電著有限公司', 'FIRST VIETNAM ELECTROCOATING CO., LTD', '施錫義', '會員', '同奈省展鵬縣胡奈三工業區', '0251.3982167', 'dxopera@yahoo.com.tw', '表面處理', '0', '0', '2024-02-29', ''),
(208, 'DN552', 'DN552-022901518344', '富瑋責任有限公司', 'FULLWAY LTD CO.,', '吳淑慧', '會員', '同奈省隆慶市平錄社龍慶工業區5號路', '0251.3646068    ', 'lisawu@protrend.com.tw', 'PB 板與五金展示架', '0', '0', '2024-02-29', ''),
(209, 'DN553', 'DN553-022928991083', '越南虹信工業有限公司', 'CÔNG TY TNHH MTV ỦY THÁC CÔNG NGHIỆP CẦU VỒNG VIỆT NAM', '施建宏', '會員', '同奈省邊和市三福工業區4號路', '0251.6280291~2  ', '  hcw@rainbow-trust.com.vn', '汽、機車各種冷煤管、剎車油管專業製造廠', '0', '0', '2024-02-29', ''),
(210, 'DN558', 'DN558-022929022185', '麺之鄉', 'MÌ QUÊ HƯƠNG', 'Trần Bửu Trân', '會員', '胡志明市平新君新造坊48A號路6號  ', '028.37540633', 'khh781404@hotmail.com', '乾、濕麺、水餃', '0', '0', '2024-02-29', ''),
(211, 'DN560', 'DN560-022985574408', '明治重工營造股份有限公司', 'CÔNG TY CỔ PHẦN KẾT CẤU THÉP MINH TRỊ', '林沅鋕', '會員', '越南巴地-頭頓省富美市，美春坊，富河區', '02543 893 638', '0931299888@meizic.com', '鋼結構加工', '0', '0', '2024-02-29', ''),
(212, 'DN562', 'DN562-022901653988', '越南良機實業股份有限公司', 'CÔNG TY TNHH CÔNG NGHIỆP LIANG CHI II (VIỆT NAM )', '張怛恭', '會員', '越南，平陽省，順安市，平准坊，平富區', '0274.3611 088', 'liangchivn74@gmail.com     ', '冷卻塔和FRP桶槽', '0', '0', '2024-02-29', ''),
(213, 'DN568', 'DN568-022951331586', '亨通國際開發有限公司', 'CÔNG TY HỮU HẠN KHAI THÁC QUỐC TẾ HENG TONG', '陳金萬', '會員', '同奈省,展鵬縣，松梅工業區，4號路，B2區', '0251 3673692', 'chinwanchen@htap.com.tw', '生產汽、機車煞車系統', '0', '0', '2024-02-29', ''),
(214, 'DN571', 'DN571-022986345044', '余黃責任有限公司', 'CÔNG TY TNHH DƯ HUỲNH', '黃氏金紅', '會員', '同奈省邊和市三福社龍庆2邑338號', '0251.6256 211   ', 'du.huynh888@gmail.com', '景觀園藝', '0', '0', '2024-02-29', ''),
(215, 'DN572', 'DN572-022984758133', '億發建設有限公司', 'CÔNG TY TNHH THƯƠNG MẠI DỊCH VỤ XÂY DỰNG ỨC PHÁT', '鄭家億', '會員', '同奈省龍成縣禄安鄉行貢社51B國路789巷', '0251,3844313', 'frank11681168@yahoo.com.tw', '建設、建築', '0', '0', '2024-02-29', ''),
(216, 'DN576', 'DN576-022935898294', '發大富企業有限公司', 'CÔNG TY TNHH PHÁT ĐẠI PHÚ', '蘚金富', '會員', '同奈省展澎縣胡奈3工業區', '0389.287.373', 'j121444092@yahoo.com.tw ', 'CNC線切割、模具設計製造、治工具製造、沖床加工', '0', '0', '2024-02-29', ''),
(217, 'DN577', 'DN577-022969558379', '胡志明醫藥大學震興醫院', 'CÔNG TY TNHH MTV BỆNH VIỆN ĐẠI HỌC Y DƯỢC SHING MARK', '陳建亨', '會員', '越南同奈省邊和市龍平新坊51公路', '0251 3988888', 'pltreasure@gmail.com       ', '醫院', '0', '0', '2024-02-29', ''),
(218, 'DN580', 'DN580-022943010875', '新豐責任有限公司', 'CÔNG TY TNHH CÔNG NGHIỆP XING FENG', '潘玉蘭', '會員', '同奈省,隆慶市,平祿社,隆慶工業區,7號路', '0251.3788828', 'hcxingfeng@gmail.com   ', '成衣業（男性內衣、內褲）', '0', '0', '2024-02-29', ''),
(219, 'DN581', 'DN581-022995665779', '寶林越南責任有限公司', 'PAULIN VINA CO.,LTD', '黄文中', '會員', '同奈省,隆成縣,隆安社，祿安平山工業區,LO K   ', '0251.2860800', 'lo_lichieh@hotmail.com         ', '金屬包裝、馬口鐵通、化工桶、食品罐、塑膠桶、廠房出租', '0', '0', '2024-02-29', ''),
(220, 'DN583', 'DN583-022903171210', '育隆造漆（越南）有限公司', 'CÔNG TY TNHH YULUNG PAINT MANUFACTURING (VIỆT NAM)', '何錦軒', '會員', '同奈省邊和市龍平坊Amata工業區4號路104/6-2', '0251.3992018', 'jerry.ho@kingcatpaint.com.tw ', '貓王油漆（KINGCAT PAINT）\n生產水性防水塗料，隔熱塗料，AB膠，補土\n（用於屋頂防水，內外牆防水，水池防水，陽台防水，廁所防水，廠房隔熱，輕隔間接著，石膏板牆接著）', '0', '0', '2024-02-29', ''),
(221, 'DN585', 'DN585-022976761115', '（越南）鑫成座垫股份有限公司', 'CÔNG TY TNHH WISE VISION (VIỆT NAM)', '張智傑', '會員', '平陽省新淵市新協坊新平街26號地圖地塊編號305', '0274 3652 756', 'wisevision.ketoan@gmail.com      ', '', '0', '0', '2024-02-29', ''),
(222, 'DN586', 'DN586-022984124215', '隆盛润滑油公司', 'CÔNG TY DẦU NHỚT LONG THĂNG', '鄭小鈺', '會員', '同奈省，边和市，新龍平337号', '0251 3932 969', 'longthangtw2021@gmail.com', '潤滑油品，化工品', '0', '0', '2024-02-29', ''),
(223, 'DN588', 'DN588-022942413965', '大發食品股份有限公司', 'CÔNG TY TNHH THỰC PHẨM THƯƠNG MẠI ĐẠI PHÁT', '許玉林', '會員', '平陽省，宜安市，宜安坊，神浪II工業區，第六號路第32號', '0274.3790540   ', 'sen@daiphatfood.com.vn', '農產品加工、烘焙、月餅、品牌通路', '0', '0', '2024-02-29', ''),
(224, 'DN593', 'DN593-022938215510', 'UNITED JUMBO責任有限公司', 'CÔNG TY TNHH UNITED JUMBO', '王光彬', '會員', '越南同奈省隆慶市竹溪坊竹溪工業區10號路', '0865598969', 'derk.liao@mail.unitedjumbo.com.vn', '戶外家具、水管工具（花園工具、手工具）', '0', '0', '2024-02-29', ''),
(225, 'DN596', 'DN596-022922304936', '禾達（越南）腳輪工業有限公司', 'CÔNG TY TNHH CÔNG NGHIỆP BÁNH XE HERDAR (VIỆT NAM)', '沈新燿', '會員', '越南同奈省展鵬縣胡奈工業區14號路X2地號', '0251.3683098', 'hankshen@herdar.com    ', '橡塑膠加工製品/聚氨酯PU工業腳輪/搬運手推車', '0', '0', '2024-02-29', ''),
(226, 'DN597', 'DN597-022964283002', '寶寶雲責任有限公司', 'CÔNG TY TNHH BẢO BẢO VÂN', '', '會員', '同奈省展鹏县胡奈3社泰和邑一号国路第4區第29組第426號', '0251.3673895', 'baobaovan1978@gmail.com   ', '買賣、機車修正、運輸、安裝機械、設備', '0', '0', '2024-02-29', '');
INSERT INTO `wp_check_in_member` (`ID`, `member_code`, `qr_code`, `company_cn`, `company_vn`, `contact`, `position`, `address`, `phone`, `email`, `career`, `trash`, `status`, `create_date`, `update_date`) VALUES
(227, 'DN598', 'DN598-022918195055', '康興機械有限公司', 'CÔNG TY TNHH KHOA HỌC VÀ CÔNG NGHỆ KHANG HƯNG', '康成華', '會員', '平陽省，順安社，安富坊，第四區，34格DC02', '0938896572', ' khanghungco.com@gmail.com', '剪板機、折彎機、卷板機、液壓機、開卷校平機等系列機械', '0', '0', '2024-02-29', ''),
(228, 'DN599', 'DN599-022919702653', '嘉善譽豐汽車零件有限公司', 'CÔNG TY CỔ PHẦN SYF VIỆT NAM', '駱美芳', '會員', '越南，同奈省，展鵬縣，胡奈三社，胡奈工業區，第9號路，V-6A1區', '02513.683677 ', 'vsyfkt@syf.com.cn  ', '汽車零件,鈑金沖壓，焊接加工', '0', '0', '2024-02-29', ''),
(229, 'DN600', 'DN600-022939605440', '中國信託商業銀行股份有限公司-胡志明市分行', 'CTBC BANK CO.,LTD HO CHI MINH CITY BRANCH', '羅中廷', '會員', '胡志明市第一郡梁筍路39號-9樓', '028.39101888', 'tim.lo@ctbcbank.com   ', '銀行', '0', '0', '2024-02-29', ''),
(230, 'DN604', 'DN604-022973254441', '越南衛普責任有限公司', 'CÔNG TY TNHH WEB-PRO (VIETNAM)', '馮銘祥', '會員', '越南同奈省仁澤縣協福鎮第二階段仁澤三工業區八號路', '0899.506.006', 'albert.feng@web-pro.com.tw', '醫療衛材:水針不織布;自黏吸水薄墊;看護墊、防護衣材料;PE透氣膜、印刷', '0', '0', '2024-02-29', ''),
(231, 'DN607', 'DN607-022906911521', '越大建築責任有限公司', 'CÔNG TY TNHH VIỆT ĐẠI', '鄭文忠', '會員', '胡志明市第五郡第四坊安陽王路290號VP.04-47-48-49', '028.62965190', 'bounchen68@gmail.com  ', '土木建築設計、工程，景觀規劃設計、工程', '0', '0', '2024-02-29', ''),
(232, 'DN610', 'DN610-022903186991', '黎龍保衛勞務責任有限公司', 'CÔNG TY TNHH MỘT THÀNH VIÊN DỊCH VỤ BẢO VỆ LÊ LONG', '黎文俊', '會員', '同奈省，展鵬縣，胡奈3社，清華組，第2區，110/4H號', '0274.3795109 ', 'lelongbv@gmail.com', '保衛', '0', '0', '2024-02-29', ''),
(233, 'DN613', 'DN613-022987436527', '中咖啡企業社', 'TRUNG CÀ PHÊ', '林志中', '會員', '同奈省展鵬縣北山，安珠', '0903.662.879', 'chitrung641202@gmail.com', '農產品幹貨買賣、出口', '0', '0', '2024-02-29', ''),
(234, 'DN614', 'DN614-022908152400', '雅美歌科技材料責任有限公司', 'AMICO TECHNOLOGY MATERIALS CO.,LTD', '李邡瑜', '會員', '越南，同奈省展鵬縣北山社，松梅工業區，7號路', '0251.3673188', 'keath@jahyih.com       ', '鞋材、成衣、箱包料、聚胺酯皮料、複合材料', '0', '0', '2024-02-29', ''),
(235, 'DN616', 'DN616-022974872143', '越南大盛科技有限公司', 'CÔNG TY TNHH DELSON TECHNOLOGY', '陳志嘉', '會員', '同奈省，展鵬縣，松梅工業區，一號路', '0899.527.898', 'rd@asia-lighting.com   ', '照明、LED燈具、室內照明、戶外照明', '0', '0', '2024-02-29', ''),
(236, 'DN617', 'DN617-022972509473', '越南安美責任有限公司', 'CÔNG TY TNHH AMER VIỆT NAM', '邱煥珍', '會員', '越南隆安省德和縣美幸北社川亞工業區一號路LA9區', '0272-3751317', 'ben650505@yahoo.com.tw ', '專業生產各類工業潤滑油(液壓油、齒輪油、熱煤油、切削液、沖壓拉伸油、防鏽油、黃油…)', '0', '0', '2024-02-29', ''),
(237, 'DN618', 'DN618-022953515352', '安永EY 聯合會計師事務所', 'ERNST & YOUNG', '曹耀文', '會員', '胡志明市，第一郡，海潮路，第28樓 Bitexco Financial 高樓', '0773.014.786', 'owen.tsao@vn.ey.com    ', '關稅與稅務規劃暨問題解決、投資收購與合併顧問、審計服務、ERP 導入服務', '0', '0', '2024-02-29', ''),
(238, 'DN619', 'DN619-022902221850', 'GRN株式會社', 'CÔNG TY TNHH GRN VIỆT NAM', '張瑀君', '會員', 'Long Thanh區龍德工業園區N3-2路1-4號（Daiwa house廠區內）', '84-251-368-1011', 'masachang@grnvn.com       ', '機械、電機及工業用品、食品飲料及加工產品類', '0', '0', '2024-02-29', ''),
(239, 'DN622', 'DN622-022917979609', '海天射出機 越南台商部', 'HUAYUAN(VIETNAM)MACHINERY CO.,LTD', '何腾海', '會員', '平陽，順安，越新工業區，NA7路，第C33號', '0274.2220226', 'tenghaiho6688@gmail.com    ', '塑料機械', '0', '0', '2024-02-29', ''),
(240, 'DN625', 'DN625-022978408902', '越南FULL IN責任有限公司', 'CÔNG TY TNHH FULL IN VIỆT NAM', '林昆金', '會員', '越南同奈省邊和市龍平坊 Amata工業區\n第13號路402/2座', '+84-8-2253-2428', 'eugene.lin@jintex.com.tw', '紡織、染整、皮革、電子暨其它工業用之特用化學品。', '0', '0', '2024-02-29', ''),
(241, 'DN627', 'DN627-022963937973', '鴻富電子責任有限公司', 'CÔNG TY TNHH ĐIỆN TỬ ONFU', '何佳整', '會員', '同奈省展鹏縣松梅工業區第三號路', '02513.682560', 'leo.ho@microlife.com.tw', '醫療器材', '0', '0', '2024-02-29', ''),
(242, 'DN628', 'DN628-022981020271', '派克 亞勝', 'CÔNG TY TNHH PARKER-ASUN SEALING TECHNOLOGY ( VIỆT NAM )', '練彥麟', '會員', '同奈省仁澤縣仁澤六工業區三號路', '0251.2871888', 'a.lien@pascseals.com   ', '生產橡膠蜜封圈', '0', '0', '2024-02-29', ''),
(243, 'DN629', 'DN629-022909901543', '信榮國際股份有限公司', 'XIN RONG INTERNATIONAL CO.,LTD', '吳瑞弘', '會員', '越南同奈省展鵬縣胡奈3社松梅工業區第一號路', ' +84 2512 860 259', 'jerrywu@yu-cheng.url.tw', '發泡中底、橡膠大底', '0', '0', '2024-02-29', ''),
(244, 'DN630', 'DN630-022927169691', '寶越工業公司', 'CÔNG TY HỮU HẠN CÔNG NGHIỆP BẢO VIỆT', '高振村', '會員', '越南，同奈省，展鵬縣，胡奈工業區，第IX-3區', '0251.3981851', 'mainoffice@baoviettaiwan.com', '木器加工、鐵件加工、PU發泡', '0', '0', '2024-02-29', ''),
(245, 'DN631', 'DN631-022939583220', '儒鴻織染（越南）有限公司', 'CÔNG TY TNHH ECLAT FABRICS VIỆT NAM', '洪鎮海', '會員', '巴地頭頓省富美市社美春坊美春A2工業區', '0254.3932211', 'neo.lin@eclat.com.tw     ', '紡織業，針織布料生產與代工', '0', '0', '2024-02-29', ''),
(246, 'DN632', 'DN632-022935152422', '宏越責任有限公司', 'MAXIHUB COMPANY LIMITED', '林忠亮', '會員', '胡志明市，第7區，1487阮文玲路，VNPT 大楼，11F', '028.37701199', 'aliang.lin@maxihub.com.vn   ', '車用、工業用潤滑油、化學品倉儲、化學品貿易', '0', '0', '2024-02-29', ''),
(247, 'DN633', 'DN633-022929016867', '石原環保設備責任有限公司', 'CÔNG TY TNHH THIẾT BỊ MÔI TRƯỜNG THẠCH NGUYÊN', '劉啓陞', '會員', '巴蒂頭頓省福美市政美春坊美新街坊2組', '0931 204 118', 'richmount.liu@gmail.com   ', '專業環保設備買賣\n污水空污工程設計規劃施工\n污水處理藥品生質燃料買賣', '0', '0', '2024-02-29', ''),
(248, 'DN634', 'DN634-022980301419', 'A-PLUS責任有限公司', 'A-PLUS CO.,LTD', '郭志誠', '會員', '同奈省，永久縣，平和社，平盛邑，第二區', ' 0837.556.111', 'shipping@a-pluscoltd.com.vn', '加工生產螺絲、釘子、模具、各類五金產品', '0', '0', '2024-02-29', ''),
(249, 'DN636', 'DN636-022942458613', 'GREENTECH HEADGEAR COMPANY LIMITED', 'GREENTECH HEADGEAR COMPANY LIMITED', '趙得鈺', '會員', '越南同奈省仁澤縣協福社仁澤二工業區3號路', '0251.3685868', 'gr12@gtheadgear.com        ', '紡織- 布帽生產', '0', '0', '2024-02-29', ''),
(250, 'DN638', 'DN638-022936352494', 'BTL服裝輔料責任有限公司', 'CÔNG TY TNHH PHỤ LIỆU MAY MẶC BTL', '李蕙良', '會員', '同奈省，邊和市，安平坊，邊和二工業區，第3A路，第7號區', '0251.3680023', ' imhelenlee@hotmail.com    ', '鈕扣、服飾配件', '0', '0', '2024-02-29', ''),
(251, 'DN639', 'DN639-022912119793', '越好創新股份有限公司', 'VNINES INNOVATION JOINT STOCK COMPANY', '廖振延', '會員', '越南，同奈省，展鵬縣，江田工業區，第七區', '0251.3683601', 'yen.liao@vnines-innovation.com', '1.經營項目：新能源車輛核心零組件研發，製造及驗證\n2.主要產品：電動車動力系統，電池組組裝，電裝件', '0', '0', '2024-02-29', ''),
(252, 'DN640', 'DN640-022995230078', 'SPORTPET CONSUMER PRODUCTS VIETNAM COMPANY LIMITED', 'CÔNG TY TNHH SPORTPET CONSUMER PRODUCTS VIETNAM', '鄭菌凱', '會員', '越南，同奈省，展鵬縣，江田社，江田工業區，第六號路', '0866.878.068', 'kcheng@sportpet.com   ', '寵物用品', '0', '0', '2024-02-29', ''),
(253, 'DN641', 'DN641-022902753954', '龍門氣體有限公司', 'CÔNG TY TNHH LONG MEN', '張永富', '會員', '平陽省順安市第三區安富坊第三邑安富住宅區C3-17號', '0913.951.565', 'ctylongmen@gmail.com   ', '氣體買賣、管道工程整廠設計及施工', '0', '0', '2024-02-29', ''),
(254, 'DN642', 'DN642-022933608103', '金帝酒業有限公司', 'Công Ty TNHH XNC Kim Đế', '張仕霖', '會員', '胡志明市第7郡新富防264阮良鵬街', '028.54120946', 'jinviet@gmail.com     ', '經營銷售出入口飲食品', '0', '0', '2024-02-29', ''),
(255, 'DN643', 'DN643-022937032008', '玖德食品有限公司', 'CÔNG TY TNHH MTV CỬU ĐỨC', '江緯德', '會員', '越南，同奈省，展鵬縣，西和社，祿和邑，第二區，第三組，西和路', '0899.301.739', 'cuu.duc@outlook.com   ', '食品買賣、生產', '0', '0', '2024-02-29', ''),
(256, 'DN644', 'DN644-022970972211', '越南大大責任有限公司', 'CÔNG TY TNHH TATA AUTO ACCESSORY VIỆTNAM', '王偉吉', '會員', '同奈省,隆慶市,平陸社,隆慶工業區,第5號路', '0878.890.816', 'darren@tata.net.cn     ', '打氣機', '0', '0', '2024-02-29', ''),
(257, 'DN645', 'DN645-022982157321', '遠鴻車業責任有限公司', 'CÔNG TY TNHH MTV VIỄN HỒNG', '陳靜璿', '會員', '平陽省,宜安市,神浪一工業區,10號路.', '0274.3793727', 'vh.car79@gmail.com     ', '汽車保養維修、精品改裝、中古車買賣、改裝零配件、富邦車驗、產驗', '0', '0', '2024-02-29', ''),
(258, 'DN649', 'DN649-022902156328', '仁美食品公司', 'CÔNG TY TNHH ZERMAT FOOD', '許秀美', '會員', '同奈省展鵬北山社松梅工業區第七號路', '0251.8971850', 'info@zermatfood.vn   ', '冷凍食品、烘焙食品、農產加工', '0', '0', '2024-02-29', ''),
(259, 'DN650', 'DN650-022928144691', '源錩責任有限公司', 'CÔNG TY TNHH PATH MASTERY', '吳睿和', '會員', '同奈省仁澤縣隆壽社仁澤六工業區', '0251.2200007', 'allen.wu@pathmastery.com.vn', '生產加工高爾夫球頭、高爾夫球頭零配件、鐘錶、汽車零配件、機車零配件、腳踏車零配件（有電鍍）', '0', '0', '2024-02-29', ''),
(260, 'DN651', 'DN651-022966573733', '艾律德國際責任有限公司', 'CÔNG TY TNHH QUỐC TẾ ELLIOTT', '邱博釧', '會員', '同奈省邊和市安平坊安和2民居區S1區4號', '0251 399 5888', 'tony@tevn.com.vn   ', '貿易代調商 FS-ELLIOTT空壓機代理商', '0', '0', '2024-02-29', ''),
(261, 'DN654', 'DN654-022950920910', '世同越南有限公司', 'CÔNG TY TNHH KENSTONE VIỆT NAM', '陳瑞民', '會員', '同奈省仁澤縣龍壽社仁澤3工業區N2路30號', '0251.2860850', 'raymond_chen@kenstone.com.tw', '各種自行車、自行車車架及零件', '0', '0', '2024-02-29', ''),
(262, 'DN657', 'DN657-022947653906', '邊和平仙有限公司', 'Binh Tien Bien Hoa Company Limited', '賴謙', '會員', '越南同奈省邊和市龍平坊AMATA工業區 101/2 號以及101/11號 ', '0251.2601818', 'johnny.chen@bitis.com.vn', '運動鞋、拖鞋、涼鞋以及皮包等\n\n', '0', '0', '2024-02-29', ''),
(263, 'DN658', 'DN658-022927866525', '永展工程公司', 'YEONG JAAN NON DESTRUCTIVE INSPECTION CO.,LTD', '張侑駩', '會員', '越南桐奈省仁澤縣仁澤工業3區', ' 0251.3560083', 'c48605800@gmail.com', '機械、設備安裝、桶槽製裝、風管、配管、各種保溫保冷大小工程\n\n', '0', '0', '2024-02-29', ''),
(264, 'DN659', 'DN659-022984240554', '優力膠業股份有限公司', 'Tuico Products Joint Stock Company', '陳成豪', '會員', '越南同奈省展鵬縣胡奈三工業區 I-16號', '0251.3671222', 'chris@tuicovn.com', '各類橡膠製品', '0', '0', '2024-02-29', ''),
(265, 'DN660', 'DN660-022940316550', '南榮工業有限公司', 'NAM RONG Industrial Co., Ltd.', '許云楁', '會員', '越南同奈省展鵬縣胡奈三工業區8號路,I-10號', '0251.6278828', 'dorishsu@namrong.com', '醫療，家電，汽機車，工業塑膠成型與成品組裝', '0', '0', '2024-02-29', ''),
(266, 'DN661', 'DN661-022970346189', '越南巨將隆工程責任有限公司', 'CÔNG TY TNHH CÔNG TRÌNH CƠ TƯỚNG LONG VIỆT NAM', '林俊茂', '會員', '同奈省展鵬縣北山社松梅工業區', '0251-6279276', 'gl6302vn@gmail.com', '施工水電工程', '0', '0', '2024-02-29', ''),
(267, 'DN662', 'DN662-022986772688', '欣晟木業公司', 'SADACO', '李鴻佑', '會員', '同奈省邊和市龍平新访阮文祖路14A/4號', '0251.8830888  ', 'leehungyu1971@gmail.com', '木製家具', '0', '0', '2024-02-29', ''),
(268, 'DN663', 'DN663-022986026838', '越南成長實業股份公司', 'CRECIMIENTO INDUSTRIAL VIETNAM CO.,LTD', '江源祥', '會員', '越南同奈省展鵬縣胡奈三工業區 5號路', ' 0251.36851889  ', 'chuck@crmto.com', '鞋業、鞋材貼合及材料買賣', '0', '0', '2024-02-29', ''),
(269, 'DN665', 'DN665-022971753714', '瀚良興業有限公司', 'CÔNG TY LẮP ĐẶT DỊCH VỤ HAAN LIANG (Việt Nam)', '陳亦新', '會員', '同奈省仁澤縣協福市鎮五樓215號', '0251.3501312', 'haanliang@gmail.com', '工程業', '0', '0', '2024-02-29', ''),
(270, 'DN666', 'DN666-022952523124', '昭越大電機有限公司', 'CÔNG TY TNHH CÔNG NGHỆ CHIÊU VIỆT ĐẠI', '莊永松', '會員', '同奈省展鵬縣北山社松梅工業區6號路', '0251.8971381 ', 'chieu.viet.dai@gmail.com', '配電盤組裝、鐵製線槽線架製作、電氣相關設備零件銷售', '0', '0', '2024-02-29', ''),
(271, 'DN667', 'DN667-022948298299', '高信昌電子（越南）責任有限公司', 'CÔNG TY TNHH BELIEVELIGHT ELECTRONICS ( VIET NAM)', '鄒志平', '會員', '同奈省永久縣新安社松梅工業區1號路', '0251.3682965', 'ichiro@believe-light.com', 'LED 產品製造和相關應用產品開發設計與生產', '0', '0', '2024-02-29', ''),
(272, 'DN668', 'DN668-022906853457', '泰永通風集塵公司', 'CÔNG TY TNHH THÁI VĨNH THÔNG', '翁振輝', '會員', '同奈省展鵬縣平明社茶古邑第47號路', '0918.773.391', '', '通風集塵專業/各式風機.集塵機(脈動式.旋風式集塵機)耐熱布管.乾式塗裝.水洗台.正負壓風扇.接力風扇....載貨昇降機政府核准專業', '0', '0', '2024-02-29', ''),
(273, 'DN669', 'DN669-022912855939', '春鋒機械責任有限公司', 'XUAN PHONG INDUSTRIAL CO.,LTD', '朱文灶', '會員', '同奈省,展鵬縣, 平明社,古茶邑, 28號路', '0251.3671061', 'tc001.chu@gmail.com', '各式焊接治具、加工治具、組裝治具、檢查治具設計製造、CNC車銑加工', '0', '0', '2024-02-29', ''),
(274, 'DN670', 'DN670-022934208351', '金暉機電工程(材料)有限公司', 'CÔNG TY TNHH THƯƠNG MẠI VẬT TƯ ĐIỆN CƠ KIM HUY', '林建勳', '會員', '同奈省仁澤縣協福市,協福-升龍HOME,G路,10號', '0933.501.021', 'ashiun99@gmail.com', '機電工程設計與建造、材料貿易、配電盤與線槽製造', '0', '0', '2024-02-29', ''),
(275, 'DN671', 'DN671-022932920177', '一心鋼琴責任有限公司', 'ACTION TRADING', '陳一介', '會員', '同奈省展鵬縣胡奈三工業區第4-3B號', '0251.6278.155', 'yihshinvntrade@gmail.com ', '鋼琴製造維修', '0', '0', '2024-02-29', ''),
(276, 'DN673', 'DN673-022977071504', '三芳越南責任有限公司', 'SAN FANG VIETNAM CO., LTD', '邱金發', '會員', '巴地頭頓省美春A2 工業區', ' 0254.3899.500', 'cty@vn.sanfang.com', '人工皮革', '0', '0', '2024-02-29', ''),
(277, 'DN674', 'DN674-022908211847', '金帶工業責任有限公司', 'Công ty TNHH Công Nghiệp KING TAI', '王韋傑', '會員', '同奈省仁澤縣協福市仁澤二工業區7A路', '0251.3569907', 'fullmore.irene@gmail.com', 'H型鋼、鋼板樁租賃及施工', '0', '0', '2024-02-29', ''),
(278, 'DN675', 'DN675-022963745203', '巨聯公司(台灣鎰呈行)', 'CÔNG TY TNHH BỘT KIM LỌAI JULIEN', '李健生', '會員', '越南同奈省仁澤縣仁澤第一工業區六號路', '0251.3568088', ' jeff@yeechain.com', '鞋材布料', '0', '0', '2024-02-29', ''),
(279, 'DN676', 'DN676-022981549432', '茂崧木業有限公司', 'CÔNG  TY TNHH MARVELOUS LAND INT’L   VIỆT NAM', '劉尚傑', '會員', '越南同奈省仁澤工業一區四號路', '0251.3568088', 'jeff@yeechain.com', '木器家具生產', '0', '0', '2024-02-29', ''),
(280, 'DN677', 'DN677-022976441801', '合利旺科技責任有限公司', 'NEW WIN WIN TECHNOLOGY CO.,LTD', '楊昆堂', '會員', '越南平陽省北新淵線帝國工業區B區 – 地A1區 – A1.4格', '0274-.686697', 'kintexwt@ms41.hinet.net', '化學工業類、紡織助劑、機能性產品、染料、3M、HUNTSMAN、CARLESI-RICCI合作廠商', '0', '0', '2024-02-29', ''),
(281, 'DN678', 'DN678-022917399199', '龍緗技術責任有限公司', 'CÔNG TY TNHH CÔNG NGHỆ LONG TƯƠNG', '郭正發', '會員', '越南同奈省仁澤縣協福鎮協福住宅區A5-V-53號', '0898.750.903', 'long.shiang8@msa.hinet.net', '工業廢水處理，紡織染整全廠設計配管製作，電凝廢水設備，桶槽製作', '0', '0', '2024-02-29', ''),
(282, 'DN679', 'DN679-022934159570', '英弘貿易有限公司', 'Anh Going company limited', '朱志英', '會員', '同奈省仁澤縣福禪社', '0902.801.011', 'anhhoang.nhontrach@gmail.com', '紗線買賣', '0', '0', '2024-02-29', ''),
(283, 'DN680', 'DN680-022957392336', '佑誠有限公司', 'CONG TY TNHH MTV AT THANH', '吳宗泰', '會員', '同奈省仁澤縣富會社.富美2.第一組', '0251.3569581', 'pipc.jerry@gmail.com', '廢水處理及水資源回收', '0', '0', '2024-02-29', ''),
(284, 'DN682', 'DN682-022935715658', '傑旺鍋爐設備安裝有限公司', 'CÔNG TY TNHH MTV KIỆT VƯỢNG', '李冬梅', '會員', '平陽省宜安市宜安坊貳童街區行政中心區M路62號', '0869.060.118', 'kietvuongco@gmail.com', '鍋爐銷售、安裝、維修、鍋爐能源承包', '0', '0', '2024-02-29', ''),
(285, 'DN683', 'DN683-022942417826', '越南綸盛國際有限公司', 'CÔNG TY TNHH QUỐC TẾ LUÂN THỊNH VIỆT NAM', '劉進豊', '會員', '越南同奈省展鵬縣北山社松梅工業區767號', '0251.8971321', 'vlic@vnn.vn', '製造產業(機車零件)', '0', '0', '2024-02-29', ''),
(286, 'DN684', 'DN684-022916470726', '緯禎工業股份有限公司', 'VIET NAM WEI ZHENG INDUSTRY CO.,LTD', '劉漢傑', '會員', '同奈省邊和市龍平工業區E-11號', '0251.3994168', 'wzpaint@gmail.com', '塗料業', '0', '0', '2024-02-29', ''),
(287, 'DN685', 'DN685-022999636407', '珍妮絲責任有限公司', 'JANICE CO ., LTD.', '沈晏禎', '會員', '同奈省邊和市安坊新化區64B號', ' 0251.3859655', 'janice_co@vnn.vn', '寢具用品、床單、保潔墊、枕頭', '0', '0', '2024-02-29', ''),
(288, 'DN686', 'DN686-022940514210', '恒美責任有限公司', 'CÔNG TY TNHH HEMMAY', '蔡坤義', '會員', '同奈省仁澤縣仁澤第II工業區7A號', '0251.3569710', 'pony@hemmay.vn', '專業生產各類織帶，各式印刷織帶，包裝帶，標簽等', '0', '0', '2024-02-29', ''),
(289, 'DN687', 'DN687-022915273446', '領先領片有限公司', 'LEADER COLLAR., LTD', '顏士勝', '會員', '同奈省隆成縣隆成工業區3號路', '0909.048.369', 'leader.collar@kimo.com', '領片', '0', '0', '2024-02-29', ''),
(290, 'DN689', 'DN689-022904791537', '大倉責任有限公司', 'CÔNG TY TNHH OKURA', '石倉秀雄', '會員', '同奈省展鵬縣胡奈工業區第1號路第VI-3A號', '0251.3671056', 'sales@okura.com.vn', '金屬加工', '0', '0', '2024-02-29', ''),
(291, 'DN690', 'DN690-022909521805', '大河新能源科技有限公司', 'CÔNG TY TNHH MTV NĂNG LƯỢNG XANH ĐẠI HÀ', '王志堅', '會員', '胡志明市，平新郡，新造坊，54號街,58-60號', '0251.3686899', 'vnagled@gmail.com', '屋頂太陽能發電、系統投資商', '0', '0', '2024-02-29', ''),
(292, 'DN693', 'DN693-022971767810', '高登電機有限公司', 'CÔNG TY TNHH ĐIỆN GORDON', '吳明興', '會員', '同奈省永久縣盛福工業區哈姆雷特1區省位置768', '0918.976.802', 'ming@durq.com.tw', '電動工具產業', '0', '0', '2024-02-29', ''),
(293, 'DN694', 'DN694-022982908789', '越南大昇責任有限公司', 'CÔNG TY TNHH DAH SHENG VIỆT NAM', '塗景光', '會員', '同奈省,展邦縣,61崗社,保宵工業區', '0797.460.688 ', 'godwin@dahsheng.com', 'EVA鞋墊、鞋材', '0', '0', '2024-02-29', ''),
(294, 'DN695', 'DN695-022979594463', '金德越責任有限公司', 'CÔNG TY TNHH GOLDEN VIETNAMTEX', '王洪斌', '會員', '平陽省寶鵬縣來淵市鎮寶鵬工業區第14號路B7_A13_CN', '0934.530.461', 'goldenvietnamtex@gmail.com', '紡織', '0', '0', '2024-02-29', ''),
(295, 'DN696', 'DN696-022983169948', '精業工業有限公司', 'CÔNG TY HHCN GEO - GEAR', '王豊昌', '會員', '同奈省展鵬縣胡奈工業區第7號路', '0251.3983991-2', 'geogearan@gmail.com', '精密零件生產加工及組裝', '0', '0', '2024-02-29', ''),
(296, 'DN698', 'DN698-022962146578', '阿波羅綠能科技有限公司', 'CÔNG TY THNN CÔNG NGHỆ NĂNG LƯỢNG XANH APOLO', '李政倫', '會員', '平陽省順安市安富坊越新住宅區D1路96號', '0274-3662 956', 'apollo.ge.vn@gmail.com', '綠能開發事業；太陽能材料設備、儲能系統、碳足跡 (碳盤查/驗證) 服務代理.\n', '0', '0', '2024-02-29', ''),
(297, 'DN700', 'DN700-022960984229', '晟山工藝(越南)有限公司', 'CÔNG TY TNHH SENGSAN HANDICRAFT', '莊偉峰', '會員', '越南同奈省，展鹏縣，胡奈三社，胡奈3工業區，I-11區', '02517-7839', 'frankchuang@sengsan.com.tw', '塑膠彩帶禮品類', '0', '0', '2024-02-29', ''),
(298, 'DN701', 'DN701-022931976063', '鼎騰科技有限公司', 'CÔNG TY TNHH DIMTON', '葉榮騰', '會員', '越南平陽省，土龍木市，富和坊，同安工業區2，N14路，C2.9號', '0931.208.955', 'dimton168@gmail.com', 'PVD真空鍍膜', '0', '0', '2024-02-29', ''),
(299, 'DN702', 'DN702-022920423888', '寶裕越南保險經濟顧問有限公司', 'CÔNG TY TNHH MÔI GIỚI BẢO HIỂM PAN ASIA VIỆT NAM', '朱泓梃', '會員', '胡志明市，第三郡，武氏六坊，阮氏明開街，第72-74號，Centec Tower，第19樓1901A辦公室', '0911.720.770', 'alex.chu@panasia.com.vn', '保險經紀人', '0', '0', '2024-02-29', ''),
(300, 'DN704', 'DN704-022979311007', '歐迪摩根技術顧問(越南)有限公司', 'CÔNG TY TNHH TƯ VẤN KỸ THUẬT ODI MORGAN', '張力元', '會員', '越南北寧市泉花坊李太宗路195號', '0983.721.195', 'odimorgan.odin@gmail.com', 'ISO管理系統認證與諮詢/各國產品出口認證/產品檢測\n驗廠諮詢/企業培訓/內審員培訓/法規協助等服務', '0', '0', '2024-02-29', ''),
(301, 'DN705', 'DN705-022952230814', '建辰國際工業責任有限公司', 'CÔNG TY TNHH CÔNG NGHIỆP QUỐC TẾ JIAN CHEN', '林伯岳', '會員', ' 平陽省, 土龍木市, 富利坊, 第二區, 黃文累街, 56A號', '0906 975 025', 'ace@sunnymarket.com.vn', 'FCT: 攻牙工具、銑刀、鑽頭、鉸刀、溝槽刀具、各式刀具\nJMLED: 各項LED燈具\nJMsolar: 太陽能建置規劃及各項產品\nCHEM: 空調及機電系統建置規劃、冰水主機、匯流排', '0', '0', '2024-02-29', ''),
(302, 'DN706', 'DN706-022937769813', '英格索蘭空壓機公司', 'INGERSOLL-RAND VIETNAM CO LTD', '陳宏銘', '會員', '越南胡志明市，富潤郡，8坊，阮文追路，\nCentre Point Building 9樓，903室', '028-3997-7428 ', 'hung-ming.chen@icro.com', '空壓機.後處理設備,空壓系統規劃', '0', '0', '2024-02-29', ''),
(303, 'DN707', 'DN707-022917615591', '西貢股份制商業銀行-同奈分行', 'SAI GON JOINT STOCK COMMERCIAL BANK – SCB Dong Nai', '阮輝賢', '會員', '54號阮愛國街, 新進坊, 邊和市, 同奈省', '0902.828.123', 'hiennh@scb.com.vn', '銀行', '0', '0', '2024-02-29', ''),
(304, 'DN708', 'DN708-022970721145', '泰源氣體有限公司', 'CÔNG TY TNHH THÁI NGUYÊN', '車忠穎', '會員', '越南平陽省，宜安市，新東協坊，神浪II工業區，26號路,第03區', '029027888', '', '大宗氣體', '0', '0', '2024-02-29', ''),
(305, 'DN710', 'DN710-022927691750', '綠山食品有限公司', 'LUSUN FOODS COMPANY LIMITED', '陳建村', '會員', '同奈省龍城縣龍城工業區一號路', '0251.3514668(168)', 'peter@unitedgroupfoods.com', '食品加工(水果蔬菜脆片)', '0', '0', '2024-02-29', ''),
(306, 'DN711', 'DN711-022935971420', '林武工業責任有限公司', 'CÔNG TY TNHH CÔNG NGHIỆP LÂM VŨ', '陳宏銘', '會員', '同奈省, 邊和市, 新協坊, 04區, H10號', '0251-3918442', 'maynenkhilamvu@gmail.com', '買賣,維修及保養各行空壓機,冷媒壓縮機,乾燥機,空氣桶,管路工程,工業冰水機...', '0', '0', '2024-02-29', ''),
(307, 'DN713', 'DN713-022928340724', '越南瑞明服飾工藝有限公司', 'REMMINGTON INTERNATIONAL ACCESSORIES CO.,LTD', '劉俊男', '會員', '越南，同奈省，仁澤縣，富會社，仁澤二工業區，三號路', '0251.2860.885', 'bob@shymg.com', '電腦刺繡', '0', '0', '2024-02-29', ''),
(308, 'DN715', 'DN715-022934055234', 'KCIS工程顧問責任有限公司', 'CÔNG TY TNHH TƯ VẤN CÔNG TRÌNH XÂY DỰNG KCIS', '楊博翔', '會員', '越南胡志明市7區新興坊D4路83號Florita公寓B棟 BS8 地面+夾層(37號樓1+2層)', '0399.149.143', 'kciscoc@kcisgroup.com', '行業別暨生產項目名稱(中文):\n建筑工程：\n施工項目管理顧問\n執行施工\n執行設備安裝\n施工監造 顧問\n設備安裝監造\n', '0', '0', '2024-02-29', ''),
(309, 'DN716', 'DN716-022961953214', '加元五金責任有限公司', 'Jia Yuan Hardware Co., Ltd', '許力加', '會員', '越南平陽省土龍木市富新坊大登工業區N2路A1-A7街(第1廠房)', '0274.386.8398', 'jiayuan601@gmail.com', '五金/彈簧', '0', '0', '2024-02-29', ''),
(310, 'DN717', 'DN717-022988475510', '久信航空貨運承攬有限公司', 'EMPIRE EXPRESS CO.,LTD', '蔡銘道', '會員', '胡志明市，新平郡，第4坊，阮文永路26A', '0 2835-470305', 'tigerdavid2017@gmail.com ', '陸運，空運快速服務物流', '0', '0', '2024-02-29', ''),
(311, 'DN718', 'DN718-022924237220', '越南首君責任有限公司', 'CÔNG TY TNHH THỦ QUÂN (VIỆT NAM )', '蕭凱仁', '會員', 'Lô L_4C_CN, KCN Mỹ Phước 2,P Mỹ Phước , TX Bến Cát, T.Bình Dương', '0274.3585.277', 'kigtradeviet@gmail.com', '工業鋁擠型，鋁條，五金零件 ', '0', '0', '2024-02-29', ''),
(312, 'DN719', 'DN719-022948376998', '國立高雄科技大學', 'NATIONAL KAOHSIUNG UNIVERSITY OF SCIENCE AND TECHNOLOGY', '李慶章', '會員', '824005 高雄市燕巢區大學路1號 國立高雄科技大學第一校區', '886-932733572', 'cclee@nkust.edu.tw', '教育服務', '0', '0', '2024-02-29', ''),
(313, 'DN720', 'DN720-022990216019', '國立高雄大學', 'National University of Kaohsiung', '陳月端', '會員', '台灣高雄市楠梓區高雄大學路700號', '+886-7-5919533', 'emba@nuk.edu.tw', '教育', '0', '0', '2024-02-29', ''),
(314, 'DN721', 'DN721-022914662282', '越南中華精工責任有限公司', 'CÔNG TY TNHH ZHONGHUA CHINKONG VIỆT NAM', '陳建穎', '會員', '越南同奈省,仁泽县, 協福鎮, Vinatex新造工業區A409-A408', '0251.356.0171~73 ', 'yingtw@chinkong.com.vn', '專業PC, TPU, PVC 膠片網版印刷,玻璃, PU 灌膠加工. 自粘標,水標, 各類銘板 LOGO 製造', '0', '0', '2024-02-29', ''),
(315, 'DN722', 'DN722-022990506154', '健鼎越南（邊和）電子有限公司', 'CÔNG TY TNHH ĐIỆN TỬ TRIPOD VIỆT NAM (BIÊN HÒA', '呂政明', '會員', '越南同奈省邊和市安平區邊和2工業區3A路31號', '0(251) 889 0273', 'michael_lu@tripod-tech.com', '印刷電路板', '0', '0', '2024-02-29', ''),
(316, 'DN723', 'DN723-022999976722', '越華國際學校', 'Công ty TNHH Trường Quốc tế Việt Hoa', '謝明輝', '會員', '平陽省土龍木市和富坊(平陽工商服務新區)九號地圖，土地號465(H5)', '0274-222-2515', 'englishdept01@viethoa.edu.vn', '教育', '0', '0', '2024-02-29', ''),
(317, 'DN724', 'DN724-022946259075', '越南創騰貿易責任有限公司', 'ENNOTRADE INC.', '吳博奕', '會員', '越南胡志明市新平郡第 14 坊保吉 3 路 88 號 2 樓', '0274-222-2515', 'englishdept01@viethoa.edu.vn', '塑膠原料貿易', '0', '0', '2024-02-29', ''),
(318, 'DN725', 'DN725-022908696328', '越南富邦產物保險責任有限公司-平陽分公司', 'CÔNG TY TNHH BẢO HIỂM FUBON (VN) – CN TẠI TỈNH BÌNH DƯƠNG', '張國浩', '會員', 'No.226, GS 01 Street, Green Square Commercial Complex, Nhi Dong 2 Quarter, Di An Ward, Di An City, Binh Duong Province, Vietnam', '0274-377-6531', 'phyllis.chiao@fubon.com', '產物保險', '0', '0', '2024-02-29', ''),
(319, 'DN726', 'DN726-022967469433', '泰與責任有限公司', 'CÔNG TY TNHH MTV THÁI HƯNG', '易信宏', '會員', '平陽省土龍木市福美坊6鄰DX002號路', '0274-3855617', ' jethroyi@thaihung-chamical.com', '金屬表面處理科技', '0', '0', '2024-02-29', ''),
(320, 'DN727', 'DN727-022967865658', '天霽科技有限公司', 'DAY BRIGHT TECHNOLOGY CO.,LTD', '許庭睿', '會員', 'Nhà xưởng 3 và 5, Lô 23-24-25-26, đường số 4, Khu công nghiệp Tân Đức, Xã Đức Hòa Hạ, Huyện Đức Hoà, Tỉnh Long An', '0272-3758977', 'ken-chang@asiasun.com.tw', '反光材料', '0', '0', '2024-02-29', ''),
(321, 'DN728', 'DN728-022922498021', 'ASIA BONE CURVE CO., LTD', 'ASIA BONE CURVE CO., LTD', '張建元', '會員', '133 Dương Bá Trạc, Phường 1, Quận 8, TP.Hồ Chí Minh (Tòa nhà Nguyễn Lâm)', '028 36207478', 'katy_chung@abchuc.com', '醫療器材', '0', '0', '2024-02-29', ''),
(322, 'DN729', 'DN729-022955820976', '全坤建築工程公司', 'Chuan Kun Construction Co., Ltd', '李坤達', '會員', '同奈省邊和市安平坊安平住宅區3號路A12-4', '02513.837.168', 'lkt0205@gmail.com', '建築工程', '0', '0', '2024-02-29', ''),
(323, 'DN730', 'DN730-022992620597', '鴻福實業公司', 'CÔNG TY TNHH THƯƠNG MẠI DỊCH VỤ HỒNG PHÚC TIẾN', '李日益', '會員', '平陽省，土龍木城市，福新坊，第2區，NA4路46號', '0376.643.338', ' lkt0205@gmail.com', '工業地產開發、銷售、租賃；固化地板、建築裝潢設計、施工', '0', '0', '2024-02-29', ''),
(324, 'DN731', 'DN731-022957299034', '三富有限公司', 'CÔNG TY TNHH TM SAN FU', '池俊昇', '會員', '越南，胡志明市，平新郡興和B坊1A國路356.', '028-66 854 995', ' tanthiendia6868@gmail.com', '油貿易', '0', '0', '2024-02-29', ''),
(325, 'DN732', 'DN732-022927050673', '恩安設備電責任有限公司', 'CÔNG TY TNHH THIẾT BỊ ĐIỆN ÂN AN', '金辰育', '會員', '胡志明市，8郡，16坊，安楊王156B號 路21.', ' 028-6260 6166', 'ananco.jin@gmail.com', '中低壓電氣設備代理銷售，台達及東亞LED照明，節能工業吊扇', '0', '0', '2024-02-29', ''),
(326, 'DN733', 'DN733-022940057306', '海霖强機械商貿與工程責任有限公司', 'CÔNG TY TNHH TMDV VÀ CÔNG TRÌNH  HẢI LÂM CƯỜNG', '楊政霖', '會員', '同奈省，仁澤縣，龍社，龍市場區，B1-28號', ' 0937.000.106', 'iamolinbio@hotmail.com', '機械工程，廠務諮訽', '0', '0', '2024-02-29', ''),
(327, 'DN734', 'DN734-022978470233', '頂銳工業股份有限公司', 'TING RAY JOINT STOCK COMPANY', '曹天福', '會員', '巴地頭頓省富美市美春坊美春 A2 工業區 VI-2 塊', ' 0254-393-1237', ' jammyko@easylink.com.tw', '鋼鐵業生產五金扣件、家電螺絲、木器螺絲', '0', '0', '2024-02-29', ''),
(328, 'DN735', 'DN735-022933787098', 'Boss 工業有限公司', 'Boss Industrial Co.,Ltd', '徐深波', '會員', '同奈省，展鵬縣，北山社，松梅工業區，第四號路', '0251 3968 968', 'henry.hsieh@gpmi.com.vn', '金屬零件，加工CNC, 製作模具', '0', '0', '2024-02-29', ''),
(329, 'DN736', 'DN736-022985915261', 'MAKINO VIETNAM CO.,LTD', 'MAKINO VIETNAM CO.,LTD', '郭郁甫', '會員', '河內市，南慈廉郡，美亭二坊，范雄路15號，美亭IDMC大廈，20樓', ' 024 3795 7022', 'owl3409@gmail.com', '銷售日本牧野CNC立式和臥式加工中心機、五軸機、放電機、線割機', '0', '0', '2024-02-29', ''),
(330, 'DN737', 'DN737-022984073103', '沛華集團', 'STAR CONCORD VIỆT NAM', '周義閔', '會員', 'Tầng 11 tòa Cobi 1, 69 Hoàng Văn Thái, Tân Phú, Quận 7, Hồ Chí Minh', ' 028 54179222', 'samuel.chou@starconcord.com.vn', '船務代理、海空運貨物承攬、租傭船舶經紀、租櫃服務、航貿週刊出版', '0', '0', '2024-02-29', ''),
(331, 'DN738', 'DN738-022961861130', '越南米思米公司-胡志明代表辦公室', 'MISUMI VIETNAM COMPANY LIMITED- HO CHI MINH BRANCH', '湯昇儒', '會員', 'Phòng 901, tầng 9, tòa nhà Sacom-chip Sang, Lô T2-4, đường D1, KCN Cao, Phường Tân Phú, TP Thủ Đức, TP HCM ', '02871099836', 'shengju.tang@gmail.com.vn', '工業自動化及模具零組件', '0', '0', '2024-02-29', ''),
(332, 'DN739', 'DN739-022984771220', '東方超捷國際物流(越南)股份有限公司', 'CÔNG TY TNHH ORIENTAL FREIGHT SERVICES (VIETNAM)', '陳柏翰', '會員', '越南胡志明市，第一郡，多高坊，頂邊幅路，99 號门牌', ' 028-22537126', 'william_chen@hcm.orientalfs.com', '5210 货物的仓储和储存 详情：仓储服务；集装箱仓储服务（房地产业务除外）（CPC 742） \n5229 与运输有关的其他支持服务活动 详情：货运代理服务（CPC 748）；报关服务；其他服务：检查提单；货运经纪服务；货物检验、取样和重量测定服务；货物接收和验收服务；运输文件准备服务（CPC 749 的一部分）', '0', '0', '2024-02-29', ''),
(333, 'DN740', 'DN740-022978932741', '越南利勤責任有限公司', 'CÔNG TY TNHH LICHENG ENTERPRISE VIỆT NAM', '劉德成', '會員', '同奈省仁澤縣隆壽公社仁澤6工業區', '0898.812.828', 'garry.lew@li-cheng.com.tw', '針織布，鉤編布及其他不織布生產', '0', '0', '2024-02-29', ''),
(334, 'DN741', 'DN741-022943549941', '杰森越南責任有限公司', 'CÔNG TY TNHH JAYSON VIỆT NAM', '陳 兆 駿', '會員', '越南胡志明市平政縣豐富社\nCONIC社區五號路七十五號', '0869302068    ', 'jaysonvietnam2020@gmail.com', '(1) 中央空調設備(冰水主機/空調箱/送風機/熱泵)代理台灣-鑫國/國友/中興電工.三大品牌在越南經銷及專業提供: 中央空調/工業製程冷卻系統 (設計規劃-施工-售後服務一貫作業). (2) 通風/排氣/集塵(空氣汙染防治工程-設計規劃-施工-售後服務一貫作業).', '0', '0', '2024-02-29', ''),
(335, 'DN742', 'DN742-022922175040', '澤金貿易責任有限公司', 'TRACH KIM TRADE SERVICE COMPANY LIMITED', '張澤霖', '會員', 'Thửa đất sô 1599, TBĐ Số E3.5, KP Tân Phú 1, P. Tân Bình, Tx Dĩ An, Tỉnh Bình Dương', '0274399258', 'trachlim1982@yahoo.com.vn', '買賣機器', '0', '0', '2024-02-29', ''),
(336, 'DN743', 'DN743-022946091141', '中宇越南責任有限公司', 'CÔNG TY TNHH CHINA ECOTEK VIỆT NAM', '梁明芳', '會員', 'Khu phố Phước Lập, phường Mỹ Xuân, Thị xã Phú Mỹ, tỉnh Bà Rịa-Vũng Tàu, Việt Nam', '0938333859', 'mfliang@ecotek.com.tw', '工廠工程，銷售淨水系列產品，銷售空氣過濾系列產品', '0', '0', '2024-02-29', ''),
(337, 'DN744', 'DN744-022954994468', '樺威恒沛科技責任有限公司', 'CÔNG TY TNHH CÔNG NGHỆ HOA UY HẰNG BÁI', '蔡明孝', '會員', '越南胡志明市第7郡，新富坊，阮良邦路15號Golden King 9樓9.14室', '0886-888711', 'hoauy2020@gmail.com', '', '0', '0', '2024-02-29', ''),
(338, 'S005', 'S005-022998856409', '富良有限公司', 'CÔNG TY TNHH MTV PHÚ LƯƠNG VN', '阮氏茉莉', '會員', '同奈省，邊和市，三福坊', ' 0251.3686899', 'phuluongvn6688@gmail.com', '工人伙食、學生伙食、食品', '0', '0', '2024-02-29', ''),
(339, 'S007', 'S007-022922842580', '安理法律一人責任有限公司', 'ANLYS LAWFIRM LIMITED', '潘清煌', '會員', '同奈省，定館縣，福利社，第三區，第三界，四號。', '0916.581.001', 'davidphan2205@gmail.com', '法律公司', '0', '0', '2024-02-29', ''),
(340, 'S011', 'S011-022957387433', '中國合力叉車（越南）銷售公司', 'CÔNG TY TNHH MTV XE NÂNG HELI', '王賢飛', '會員', 'Số 5/3C,Đại lộ Bình Dương,khu phố Bình Đức 2,Phường Bình Hòa,Thị xã Thuận An,Tỉnh Bình Dương,Việt Nam.     ', '0274.3763810', 'heli.company@chlvn.com 　', '柴油叉車、電動叉車、推高機、裝載機、港口機械、貨架、托盤等物流倉儲設備', '0', '0', '2024-02-29', ''),
(341, 'S017', 'S017-022946664688', '武得建設有限公司', 'CÔNG TY TNHH XÂY DỰNG VÕ ĐẮC', '阮財', '會員', 'Số 20/28 Đường Trần Văn Xã Khu phố 2 Phường Trãng Dài Biên Hòa Đồng Nai', '0251.3996259', 'tainguyenvdc@gmail.com', '設計咨詢，申請建築執照，申請投資執照，申請核發建築物消防安全設備圖說審查，申請環境工程設計資質證書及申請建物完工證明書\n民用建築施工，工業設備安裝及交通設施工程\n鋼結構製作安裝', '0', '0', '2024-02-29', ''),
(342, 'S018', 'S018-022990529469', '越南外貿股份商業銀行', 'Ngân hàng TMCP Ngoại thương Việt Nam (Vietcombank)', '阮明勇', '會員', '胡志明市，第一区，Cong Truong Me Linh 街 05号，VCB 塔楼 – 33楼', '0918.158.097', 'dungnm1.ho@vietcombank.com.vn', '銀行', '0', '0', '2024-02-29', ''),
(343, 'S020', 'S020-022968560768', '吳家發技術貿易責任有限公司', 'CÔNG TY TNHH THƯƠNG MẠI DỊCH VỤ KỸ THUẬT NGÔ GIA PHÁT', '吳光貞', '會員', '越南，同奈省，边和市，展長坊，第五區，第3組，阮富周路，11H', '0968.214.268', 'pkt.ngogiaphat@gmail.com', '貿易冷凍機', '0', '0', '2024-02-29', ''),
(344, 'S027', 'S027-022998083717', '越南投資發展銀行（BIDV）', 'Ngân hàng Đầu tư và Phát triển Việt Nam (BIDV), Chi nhánh Đồng Nai', 'Nguyen Duc Toan', '會員', '244 đường Đồng khởi, khu phố 4, Phường Tân Hiệp, TP.Biên Hòa, Đồng Nai ', '0251.3842729', ' minhnh5@bidv.com.vn', '金融、銀行、保險、證券等', '0', '0', '2024-02-29', ''),
(345, 'S029', 'S029-022958893403', '捷豹空壓機有限公司', 'CÔNG TY TNHH TM XNK JAGUAR', '黃進勇', '會員', 'C7/13AB16 Đường Phạm Hùng, Ấp 4A,Bình Hưng,Bình Chánh,Tp Hồ Chí Minh', '0251.3686978', 'jaguar.cty@gmail.com', '台灣捷豹空壓機設備銷售安裝', '0', '0', '2024-02-29', ''),
(346, 'S030', 'S030-022997378834', '黃勇責任有限公司', 'HOÀNG DŨNG ITST CO.,LTD', '黃進勇', '會員', 'Số 2959, Quốc Lộ 1A, Phường Tân Thới Nhất , Quận 12 Tp Hồ Chí Minh, Việt Nam', '0908.943.245', 'hoangdungwelly@gmail.com ', '水電工程安裝,工業電力的貿易，製造，建造和安裝', '0', '0', '2024-02-29', ''),
(347, 'S032', 'S032-022956689986', '協順發責任有限公司', 'Công ty TNHH Thương Mại Hiệp Thuận Phát', '廖子權', '會員', 'Số 1339, Tổ 6, ấp Tân Thành, xã Thanh Bình, huyện Trảng Bom, tỉnh Đồng Nai', '0933.000.308', 'lieuquyen@gmail.com', '印刷說明書、表格、標籤、吊卡、名片等', '0', '0', '2024-02-29', ''),
(348, 'S034', 'S034-022980303242', '越南進出口商業股份銀行 - 同奈省分行', 'NGÂN HÀNG TMCP XUẤT NHẬP KHẨU VIỆT NAM - CHI NHÁNH ĐỒNG NAI', 'Phan Thơm', '會員', '223 Hà Huy Giáp, Khu Phố 4, Phường Quyết Thắng, TP.Biên Hòa, Đồng Nai', '0917 383979', 'thom.p@eximbank.com.vn', '金融銀行業', '0', '0', '2024-02-29', ''),
(349, 'S036', 'S036-022996173009', '越南中望軟件有限公司', 'CÔNG TY TNHH ZWSOFT VIỆT NAM', '阮宏軍', '會員', 'Tòa nhà ACM, 96 Cao Thắng, P4, Q3, HCM.', '0983.851.634', 'vn@zwsoft.com', '2D.3D CAD/CAM 軟件（ZWCAD,ZW3D)', '0', '0', '2024-02-29', ''),
(350, 'S037', 'S037-022987678590', '順海能源股份有限公司', 'Công ty Cổ phần Thuận Hải Energy', 'Le Thi Vy', '會員', 'Tầng M , Tòa nhà Thuận Hải , Lô Vb.20a2 , Đường 24 , KCX Tân Thuận , Phường Tân Thuận Đông , Quận 7 , TP HCM , VN', '0969.717.016', 'vylt@thuanhai.com.vn', '提供鍋爐運行服務與提供能量解法', '0', '0', '2024-02-29', ''),
(351, 'S038', 'S038-022975455909', '合風責任有限公司', 'CÔNG TY TNHH TMDV HỢP PHONG', '唐祖都', '會員', 'Số 1959, tổ 1, khu phố Hương Phước, phường Phước Tân, TP. Biên Hòa, tỉnh Đồng Nai', '02513.686.632', 'mnk.hanbell.hopphong@gmail.com', '空壓機，乾燥機，吸附機，設計，安裝工業電櫃，施工電路，施工管路', '0', '0', '2024-02-29', ''),
(352, 'S039', 'S039-022900539725', '南方投資消防設備有限公司', 'CÔNG TY TNHH ĐẦU TƯ THIẾT BỊ PCCC PHƯƠNG NAM', '黃志威', '會員', '15A, tổ 9, khu phố 3, thị trấn Trảng Bom, Trảng Bom, Đồng Nai', '0919.664.768', 'phuongnam.pcccdongnai@gmail.com', '資訊：設計，監督顧問，施工\n保養，檢查消防系統\n供應各種消防材料', '0', '0', '2024-02-29', ''),
(353, 'S040', 'S040-022915875817', 'Mediastep 越南軟件公司', 'CÔNG TY TNHH MEDIASTEP SOFTWARE VIỆT NAM', '彭銘德', '會員', 'Tầng 11, Vietjet Plaza, Số 60A Đường Trường Sơn, Phường 2, Quận Tân Bình, Thành phố Hồ Chí Minh, Việt Nam.', '0909.792.129', 'tom.association@mediastep.com', 'IT、電子商務、互聯網公司,GOSELL', '0', '0', '2024-02-29', ''),
(354, 'S042', 'S042-022927316578', '越南台勵福叉車有限公司', 'CÔNG TY TNHH XE NÂNG TAILIFT VIỆT NAM', '曾柏凱', '會員', 'Thửa đất số 700,tờ bản đồ số 26,Đường Nguyễn Văn Linh, Phường Tân Hiệp, Thị xã Tân Uyên, Bình Dương, Việt Nam', '0947.300.493   ', '', '柴油及鋰電叉車,堆高機 銷售,租賃,維修管理,舊換新車', '0', '0', '2024-02-29', ''),
(355, 'S043', 'S043-022949092511', '安泰富模具鋼公司', 'CÔNG TY TNHH MTV AN THÁI PHÚ', '鄭氏云', '會員', 'T12/12,khu phố Bình Thuận 2, phường Thuận Giao, TP.Thuận An, Bình Dương', ' 0274.3798412', 'anthaiphusteels@gmail.com', '銷售模具鋼，特殊鋼材料。銑，磨，熱處理加工', '0', '0', '2024-02-29', ''),
(356, 'S044', 'S044-022979522448', '黃越旅遊航空服務有限公司', 'CÔNG TY TNHH DU LỊCH VÀ DỊCH VỤ HÀNG KHÔNG HOÀNG VIỆT', 'Bùi Trọng Tuấn', '會員', 'Số 468/7 Đường Đồng Khởi, tổ 1, KP 3, Phường Tân Hiệp, Thành phố Biên Hoà, Tỉnh Đồng Nai', '0974.658.682', 'hoangviet.kt16@gmail.com', '組織旅遊\n國內國際飛機票\n組織團隊建設组织庆祝晚宴\n組織年终聚会（Year-end party）', '0', '0', '2024-02-29', ''),
(357, 'S046', 'S046-022965099250', '通關責任有限公司', 'Công ty TNHH Thông Quan', '鄧文恬', '會員', 'Số 1A, tổ 10, KP5, phường An Bình, Thành Phố Biên Hòa, Tỉnh Đồng Nai', '02518 871 409', 'marketing@thongquan.com.vn', '物流\n營業項目：\n•	辦理清關手續\n•	運輸服務：海運、空運、陸運、國際多試聯運、超規貨物運輸\n•	辦理執照服務：辦理工作證、營業執照、投資許可證環評等執照\n•	出租倉庫\n•	裝卸貨物、打包、折箱服務', '0', '0', '2024-02-29', ''),
(358, 'S047', 'S047-022960145692', '安富長盛有限公司', 'AN PHU TRUONG THINH CO.,LTD', 'Nguyen Ngoc Mai', '會員', '454 Dong Khoi Street, Quarter 3, Tan Hiep Ward, Bien Hoa, Dong Nai', '0812 660 600', 'salesanphutruongthinh@gmail.com', '交通與旅遊\n高級接送車\n旅遊及航空服務', '0', '0', '2024-02-29', ''),
(359, 'S048', 'S048-022984964325', '越南外貿股份商業銀行-邊和分行', 'Ngân hàng TMCP Ngoại thương Việt Nam (Vietcombank)-Chi nhánh Biên Hòa', '阮氏美容', '會員', 'Số 22, đường 3A,KCN Biên Hòa 2, phường An Bình, TP. Biên Hòa, Đồng Nai', '02513.991.944', 'linhvtt.bho@vietcombank.com.vn', '銀行', '0', '0', '2024-02-29', ''),
(360, 'S049', 'S049-022973502863', '萬事利機械貿易有限公司', 'CÔNG TY TNHH THƯƠNG MẠI - SẢN XUẤT VẠN SỰ LỢI', '王慧君', '會員', '119-121 SONG HÀNH,PHƯỜNG 10, QUẬN 6, TP.HCM', '(028)37552222', ' jasonwang@vansuloi.com', '加工中心， CNC車床， 普通車床， 磨床， 激光雷射機， CNC 雕刻機， 火花機， 激光機， 激光打標機， 剪板/折彎機， 注塑機， 吹瓶機', '0', '0', '2024-02-29', ''),
(361, 'S050', 'S050-022918946733', '信勝刺繡機(越南)有限公司', 'CÔNG TY TNHH SINSIM VIỆT NAM', '耿開源', '會員', 'C71-72, Đường D35, Làng chuyên gia The Oasis 1, KDC Việt Sing, Phường An Phú, Thành phố Thuận An, Tỉnh Bình Dương, Việt Nam', '0971.200.773', ' jackgky@sinsim.cn', '刺繡設備及相關', '0', '0', '2024-02-29', ''),
(362, 'S051', 'S051-022900730408', '越南公眾商業銀行-同奈分行', 'NGÂN HÀNG TMCP ĐẠI CHÚNG VIỆT NAM-PVCOMBANK-CN ĐỒNG NAI', 'Sỳ Tùng Hoàn', '會員', '74-75，KP4 Đồng Khởi, phường Tân Hiệp, TP. Biên Hòa, Đồng Nai', '0908.313.908', 'hoanst@pvcombank.com.vn', '銀行', '0', '0', '2024-02-29', ''),
(363, 'S052', 'S052-022998805843', 'SKT VINA責任有限公司', 'CÔNG TY TNHH SKT VINA', 'Đặng Đức Sỹ', '會員', 'Km số 8 Thôn Yên Sơn xã Tiền Phong huyện Yên Dũng Tỉnh Bắc Giang Việt Nam', '0964.135.866', 'dangsy@sktvina.com', '勞動力供應。\n加工電子零件。', '0', '0', '2024-02-29', ''),
(364, 'S053', 'S053-022975893657', '越南外貿股份商業銀行-同奈分行', 'NGÂN HÀNG TMCP NGOẠI THƯƠNG VIỆT NAM (VIETCOMBANK) – CHI NHÁNH ĐỒNG NAI', 'Phạm Thành Vinh', '會員', 'Số 53-55 Võ Thị Sáu, Phường Quyết Thắng, Thành phố Biên Hòa, Đồng Nai', '0251.3823666', 'ptvinh.don@vietcombank.com.vn', '銀行', '0', '0', '2024-02-29', ''),
(365, 'S054', 'S054-022970915529', '越南工商銀行-邊和分行', 'Ngân hàng TMCP Công Thương Việt Nam – Chi nhánh KCN Biên Hòa', '同氏原夏', '會員', 'Ngã tư AMATA, xa lộ Hà Nội, Phường Long Bình, Thành phố Biên Hòa, Tỉnh Đồng Nai.', '0919.277.009', 'hadtn@vietinbank.vn', '銀行', '0', '0', '2024-02-29', ''),
(366, 'S055', 'S055-022916506144', '7B 軍醫院', 'BỆNH VIỆN QUÂN Y 7B', 'Trịnh Thị Hải Yến', '會員', '1137 Nguyễn Ái Quốc, Biên Hòa-Đồng Nai', '0976.736.460', 'benhvienquany7b.phongksk@gmail.com', '醫院', '0', '0', '2024-02-29', ''),
(367, 'S056', 'S056-022982240270', '越南外貿股份商業銀行-隆成分行', 'NGÂN HÀNG TMCP NGOẠI THƯƠNG VIỆT NAM(VIETCOMBANK) \n– CHI NHÁNH LONG THÀNH', 'Lâm Xuân Minh', '會員', '272A-272E đường Lê Duẩn , khu Văn Hải, thị trấn Long Thành, huyện Long Thành, tỉnh Đồng Nai', '0251 354 5068', 'trungnd.lth@vietcombank.com.vn', '銀行', '0', '0', '2024-02-29', ''),
(368, 'S057', 'S057-022926094286', '葉南方投資股份公司', 'CÔNG TY CỔ PHẦN ĐẦU TƯ DIỆP NAM PHƯƠNG', 'Vô Trương Thị Hồng Nhung', '會員', 'số 133A, đường Trần Văn Ơn, tổ 10, Khu 12, Xã Long Đức, Huyện Long Thành, Đồng Nai', '0823 200 888', 'rosy@dnpvn.com', '', '0', '0', '2024-02-29', ''),
(369, 'S058', 'S058-022938738806', '東南亞商業股份銀行-同奈分行', 'NGÂN HÀNG TMCP ĐÔNG NAM Á – CN ĐỒNG NAI', 'Nguyễn Thị Hương', '會員', '823-825,KP5, đường\nPhạm Văn Thuận, P.Tam Hiệp, Biên Hòa, Đồng Nai', ' (+84 ) 251 6290900', 'huong.nt1@seabank.com.vn', '銀行', '0', '0', '2024-02-29', ''),
(370, 'S059', 'S059-022901941035', '太平洋集團', 'CÔNG TY LUẬT TNHH LUẬT QUỐC TẾ BÌNH DƯƠNG', 'Phạm Công Thức', '會員', 'Số 48, đường 9, trung tâm hành chính, kp Nhị Đồng2, phường Dĩ An,Bình Dương', '0919.383889', 'hangluatquoctebinhduong21@gmail.com', '', '0', '0', '2024-02-29', ''),
(371, 'S060', 'S060-022917201932', '福生投資貿易股份公司', 'CÔNG TY CP ĐẦU TƯ VÀ THƯƠNG MẠI PHÚC SINH', 'Ngô Trung Tíc', '會員', 'K1/221C Bùi Hữu Nghĩa, Phường Bửu Hòa, Thành Phố Biên Hòa, Đồng Nai', '0914486009', 'phucsinh1cnergies@gmail.com', '', '0', '0', '2024-02-29', ''),
(383, 'DN608', 'DN608-060508695643', '國立中興大學EMBA越南台商', 'EMBA Program in Vietnam, National Chung Hsing University', '紀信義', '', '', '+886-4-22840830#462', 'emba@nchu.edu.tw  ', '教育業', '0', '0', '2024-06-05', ''),
(384, 'DN747', 'DN747-060562350994', '綠境ESG 顧問股份有限公司', 'CÔNG TY CỔ PHẦN TƯ VẤN GREENWAY ESG', '錢宣甫', '', '', '0903948889', 'chienhsuanfu@gmail.com', '', '0', '0', '2024-06-05', ''),
(385, 'DN748', 'DN748-060538712256', '台灣新光商業銀行越南胡志明辦事處', 'Văn phòng đại diện Ngân hàng Thương mại Shin Kong Đài Loan tại TP.HCM', '張哲維', '', '', '0938866215', 'kevincw.chang@skbank.com.tw', '財經銀行', '0', '0', '2024-06-05', ''),
(386, 'DN749', 'DN749-060595007665', '鸖鑫材料科技責任有限公司', '', '劉明釣', '', '', '0433.277.1079', 'vnhexin@yahoo.com', '坩堝、氧化鋅、煉鋼耗材、坩埚熔化炉、鋁合金、耗材料服務、太陽能材料及安裝服務', '0', '0', '2024-06-05', ''),
(387, 'DN750', 'DN750-060555886600', '兆順科技有限公司', 'CÔNG TY TNHH CÔNG NGHỆ ZHAO SHUN', '張道銘', '', '', '0965341520', 'ongty@zhaoshun.com.vn', '噴砂機、拋丸機、噴砂加工', '0', '0', '2024-06-05', ''),
(388, 'DN751', 'DN751-060598608275', '越南永明建設發展有限公司', 'CÔNG TY TNHH PHÁT TRIỂN XÂY DỰNG VĨNH MINH VIỆT NAM', '魏銓宏', '', '', '086 8402866', 'yongmingvn2019@gmail.com', '', '0', '0', '2024-06-05', ''),
(389, 'S021', 'S021-060577466814', 'GSB鋼結構股份公司', 'GSB STELL STRUCTURE JOINT STOCK COMPANY', '阮進錄', '', '', '0932496149', 'nguyentanloc812@gmail.com', '', '0', '0', '2024-06-05', ''),
(390, 'S061', 'S061-060540757826', '越南投資發展商業股份銀行（BIDV)-南方同奈分行', 'Ngân hàng TMCP Đầu tư và Phát triển Việt Nam- CN Nam Đồng Nai', 'Đỗ Trần Tuấn', '', 'Lô F1, Quốc lộ 51, Phường Long Bình Tân, Biên Hòa, Đồng Nai', '0964.399.668', 'tuandt2@bidv.com.vn', '銀行', '0', '0', '2024-06-05', ''),
(391, 'S062', 'S062-060510442762', '軍隊股份商業銀行-同奈分行', 'NGÂN HÀNG TMCP QUÂN ĐỘI – CHI NHÁNH ĐỒNG NAI (MB BANK ĐỒNG NAI)', 'PHẠM VĂN ĐỒNG', '', 'Số K23, đường Võ Thị Sáu, phường Thống Nhất, TP. Biên Hòa, tỉnh Đồng Nai.', '0979 839 500', 'dongpv.dna@mbbank.com.vn', '銀行', '0', '0', '2024-06-05', ''),
(392, 'S063', 'S063-060540967108', '寶德&KTG工業管理有限公司', 'BOUSTEAD & KTG INDUSTRIAL MANAGEMENT COMPANY LIMITED', 'Duong Hoang Anh', '', '14B Kỳ Đồng, Phường 9, Quận 3, TPHCM, Việt Nam', '090 999 4147', 'marketing@bkim.sg', '', '0', '0', '2024-06-05', ''),
(393, 'S064', 'S064-060537887711', '太陽治金責任有限公司', 'CÔNG TY TNHH SUN METALLURGY', '鄭四軍', '', '', '0908.598.206', '', '', '0', '0', '2024-06-05', ''),
(394, 'DN352', 'DN352060525883194', '越冠橡膠製品(越南)有限公司', 'V&H POLYMERIC PRODUCTS (VIETNAM) CO., LTD', '曾柏凱', '會員', '同奈省展鵬縣北山社雲河工業區', '0908969788', 'pk-tseng@hgcmb.com', '橡膠工業製品 EPDM,NBR,SBR,IR........混合橡膠', '0', '0', '2024-06-05', ''),
(399, 'DN753', 'DN753-091056199394', '龍騰機電有限公司', 'CÔNG TY TNHH ĐIỆN LORTON', 'WU WENG HUNG', '', 'LÔ SỐ V1-3C, ĐƯỜNG SỐ 2, KCN HỐ NAI, XÃ HỐI NAI 3. HUYỆN TRẢNG BOM, ĐỒNG NAI', ' 0986303932', 'horace@durq.com.tw', '木工機生產', '0', '0', '2024-09-10', ''),
(400, 'DN754', 'DN754-091095329652', '匠星國際有限公司', 'Artisan Planet International Ltd./Công Ty TNHH Artisan Planet International', '馬君禮', '', 'Đường số 02,KCN, Long Thành, Đồng Nai', '0934737860', 'martinma@artisan-planet.com', '五金禮品製造商', '0', '0', '2024-09-10', ''),
(401, 'DN755', 'DN755-091051973161', '時代物流服務有限公司', 'TIMES CARGO LOGISTIC COMPANY LIMITED', '袁少發', '', '273B Tôn Đản, Phường 15, Quận 04, TP.HCM', '0903.826.083', 'tim@tcllogistic.com', '進出口海空運/越南本地報關拖卡車/越南柬埔寨跨境服務/倉儲服務', '0', '0', '2024-09-10', ''),
(402, 'DN756', 'DN756-091080392511', '橘子亞洲責任有限公司', 'CÔNG TY TNHH CLOCK WORK ORANGE ASIA', '陳旻宏', '', 'Căn hộ số 05, Tầng 05, Tòa nhà Landmark Plus, thuộc Nhà chung cư Vinhomes Central Park, số 208 Nguyễn Hữu Cảnh, Phường 22, Quận Bình Thạnh, TP.HCM', '0913925890', 'rorolondon@gmail.com', '資訊軟體服務業', '0', '0', '2024-09-10', ''),
(403, 'DN752', 'DN752091029079493', '新程泰理水機械工業有限公司', 'CÔNG TY TNHH CƠ KHÍ MÔI TRƯỜNG TÂN TRÌNH THÁI', '邱客成', '會員', '45 Đường D10, Khu Phố 1, P.Phú Tân, TP. Thủ Dầu Một, Bình Dương', '0939.846.786', 'trinhthai5168tw@yahoo.com', '不銹鋼污泥烘乾機整廠輸出 ,機械工程製造安裝維修, 鍋爐工程配管維修保養劑\r\n', '0', '0', '2024-09-10', ''),
(404, 'DN275', 'DN275120218363724', '中華電信越南有限公司胡志明分公司', 'Branch of Chunghwa Telecom Viet Nam in HCMC', '林益先', '會員', '胡志明市第7郡新富郡孫溢仙路105號Crescent Plaza-4樓 1A房', '028.5413.8251', 'daniellin@cht.com.tw', '\\\"IPCL, IPVN, TW GATE , IOT, Aruba專業工廠，辦公室智慧節能方案，服務。門禁出勤管理系統,等等。\r\n電話交換機系統，網絡伺服器系統，採購建置工程，專案工廠，辦公室智慧節能方案，服務\\\"\r\n', '0', '0', '2024-12-02', ''),
(405, 'DN757', 'DN757120208139261', '大森貿易責任有限公司', 'DAI SAM SERVICE TRADING COMPANY', '林大森', '會員', '62 Đường Số 17, Khu dân cư Bình Phú, Phường 10, Quận 6, TPHCM', '0961.651.778', 'david0222294@gmail.com', '傳動皮帶貿易\r\n', '0', '0', '2024-12-02', ''),
(406, 'DN758', 'DN758120261554555', '越南 VINGLORY 有限公司', 'VINGLORY VIETNAM COMPANY LIMITED', '李穎燿', '會員', 'Duong so 5, KCN Tam Phước, TP Biên Hòa, Dong Nai, Vietnam', '0931261799', 'bennylee@vinglory.com', '燈具及五金家具\r\n', '0', '0', '2024-12-02', ''),
(407, 'DN759', 'DN759120292442205', '阿里巴巴.COM 有限公司（越南）', 'CÔNG TY TNHH ALIBABA.COM ( VIỆT NAM)', '李易昇', '', 'Phòng 4, Tầng 19, Saigon Centre, Số 67 đường Lê Lợi, Phường Bến Nghé, Quận 1, TPHCM, VN', '0349 031350', 'yisheng.li@alibaba-inc.com', '出口B2B 電子商務服務\r\n', '0', '0', '2024-12-02', '');

--
-- 已匯出資料表的索引
--

--
-- 資料表索引 `wp_check_in_detail`
--
ALTER TABLE `wp_check_in_detail`
  ADD PRIMARY KEY (`ID`);

--
-- 資料表索引 `wp_check_in_event`
--
ALTER TABLE `wp_check_in_event`
  ADD PRIMARY KEY (`ID`);

--
-- 資料表索引 `wp_check_in_member`
--
ALTER TABLE `wp_check_in_member`
  ADD PRIMARY KEY (`ID`,`member_code`);

--
-- 在匯出的資料表使用 AUTO_INCREMENT
--

--
-- 使用資料表 AUTO_INCREMENT `wp_check_in_detail`
--
ALTER TABLE `wp_check_in_detail`
  MODIFY `ID` int(11) NOT NULL AUTO_INCREMENT, AUTO_INCREMENT=291;
--
-- 使用資料表 AUTO_INCREMENT `wp_check_in_event`
--
ALTER TABLE `wp_check_in_event`
  MODIFY `ID` int(11) NOT NULL AUTO_INCREMENT, AUTO_INCREMENT=4;
--
-- 使用資料表 AUTO_INCREMENT `wp_check_in_member`
--
ALTER TABLE `wp_check_in_member`
  MODIFY `ID` int(11) NOT NULL AUTO_INCREMENT, AUTO_INCREMENT=408;
/*!40101 SET CHARACTER_SET_CLIENT=@OLD_CHARACTER_SET_CLIENT */;
/*!40101 SET CHARACTER_SET_RESULTS=@OLD_CHARACTER_SET_RESULTS */;
/*!40101 SET COLLATION_CONNECTION=@OLD_COLLATION_CONNECTION */;
